symbol,name,exchange,industry,website,established_year,listing_date
ACB,Công ty Cổ phần ACB,HOSE,Chưa phân loại,https://www.acb.com.vn,2000,2010-01-01
BCM,Công ty Cổ phần BCM,HOSE,Chưa phân loại,https://www.bcm.com.vn,2000,2010-01-01
BID,Công ty Cổ phần BID,HOSE,Chưa phân loại,https://www.bid.com.vn,2000,2010-01-01
BVH,Công ty Cổ phần BVH,HOSE,Chưa phân loại,https://www.bvh.com.vn,2000,2010-01-01
CTG,Công ty Cổ phần CTG,HOSE,Chưa phân loại,https://www.ctg.com.vn,2000,2010-01-01
FPT,Công ty Cổ phần FPT,HOSE,Chưa phân loại,https://www.fpt.com.vn,2000,2010-01-01
GAS,Công ty Cổ phần GAS,HOSE,Chưa phân loại,https://www.gas.com.vn,2000,2010-01-01
GVR,Công ty Cổ phần GVR,HOSE,Chưa phân loại,https://www.gvr.com.vn,2000,2010-01-01
HDB,Công ty Cổ phần HDB,HOSE,Chưa phân loại,https://www.hdb.com.vn,2000,2010-01-01
HPG,Công ty Cổ phần HPG,HOSE,Chưa phân loại,https://www.hpg.com.vn,2000,2010-01-01
LPB,Công ty Cổ phần LPB,HOSE,Chưa phân loại,https://www.lpb.com.vn,2000,2010-01-01
MBB,Công ty Cổ phần MBB,HOSE,Chưa phân loại,https://www.mbb.com.vn,2000,2010-01-01
MSN,Công ty Cổ phần MSN,HOSE,Chưa phân loại,https://www.msn.com.vn,2000,2010-01-01
MWG,Công ty Cổ phần MWG,HOSE,Chưa phân loại,https://www.mwg.com.vn,2000,2010-01-01
PLX,Công ty Cổ phần PLX,HOSE,Chưa phân loại,https://www.plx.com.vn,2000,2010-01-01
POW,Công ty Cổ phần POW,HOSE,Chưa phân loại,https://www.pow.com.vn,2000,2010-01-01
SAB,Công ty Cổ phần SAB,HOSE,Chưa phân loại,https://www.sab.com.vn,2000,2010-01-01
SHB,Công ty Cổ phần SHB,HOSE,Chưa phân loại,https://www.shb.com.vn,2000,2010-01-01
SSB,Công ty Cổ phần SSB,HOSE,Chưa phân loại,https://www.ssb.com.vn,2000,2010-01-01
SSI,Công ty Cổ phần SSI,HOSE,Chưa phân loại,https://www.ssi.com.vn,2000,2010-01-01
STB,Công ty Cổ phần STB,HOSE,Chưa phân loại,https://www.stb.com.vn,2000,2010-01-01
TCB,Công ty Cổ phần TCB,HOSE,Chưa phân loại,https://www.tcb.com.vn,2000,2010-01-01
TPB,Công ty Cổ phần TPB,HOSE,Chưa phân loại,https://www.tpb.com.vn,2000,2010-01-01
VCB,Công ty Cổ phần VCB,HOSE,Chưa phân loại,https://www.vcb.com.vn,2000,2010-01-01
VHM,Công ty Cổ phần VHM,HOSE,Chưa phân loại,https://www.vhm.com.vn,2000,2010-01-01
VIB,Công ty Cổ phần VIB,HOSE,Chưa phân loại,https://www.vib.com.vn,2000,2010-01-01
VIC,Công ty Cổ phần VIC,HOSE,Chưa phân loại,https://www.vic.com.vn,2000,2010-01-01
VJC,Công ty Cổ phần VJC,HOSE,Chưa phân loại,https://www.vjc.com.vn,2000,2010-01-01
VNM,Công ty Cổ phần VNM,HOSE,Chưa phân loại,https://www.vnm.com.vn,2000,2010-01-01
VPB,Công ty Cổ phần VPB,HOSE,Chưa phân loại,https://www.vpb.com.vn,2000,2010-01-01
