symbol,title,date,source,link,content
ACB,ACB: Công bố báo cáo tài chính quý với kết quả tích cực,2025-04-13,CafeF,https://cafef.vn/news-ACB-0.html,Nội dung tin tức về ACB: Công bố báo cáo tài chính quý với kết quả tích cực
ACB,ACB: Thông báo chi trả cổ tức năm tài chính,2025-04-10,CafeF,https://cafef.vn/news-ACB-1.html,Nội dung tin tức về ACB: Thông báo chi trả cổ tức năm tài chính
ACB,ACB: Kế hoạch mở rộng thị trường trong năm tới,2025-04-07,CafeF,https://cafef.vn/news-ACB-2.html,Nội dung tin tức về ACB: Kế hoạch mở rộng thị trường trong năm tới
ACB,ACB: Ký kết hợp đồng hợp tác chiến lược mới,2025-04-04,CafeF,https://cafef.vn/news-ACB-3.html,Nội dung tin tức về ACB: Ký kết hợp đồng hợp tác chiến lược mới
ACB,ACB: Thay đổi nhân sự cấp cao trong ban lãnh đạo,2025-04-01,CafeF,https://cafef.vn/news-ACB-4.html,Nội dung tin tức về ACB: Thay đổi nhân sự cấp cao trong ban lãnh đạo
ACB,ACB: Triển khai dự án đầu tư mới tại thị trường nước ngoài,2025-03-29,CafeF,https://cafef.vn/news-ACB-5.html,Nội dung tin tức về ACB: Triển khai dự án đầu tư mới tại thị trường nước ngoài
ACB,ACB: Công bố kế hoạch phát hành cổ phiếu tăng vốn,2025-03-26,CafeF,https://cafef.vn/news-ACB-6.html,Nội dung tin tức về ACB: Công bố kế hoạch phát hành cổ phiếu tăng vốn
ACB,ACB: Tổ chức sự kiện ra mắt sản phẩm mới,2025-03-23,CafeF,https://cafef.vn/news-ACB-7.html,Nội dung tin tức về ACB: Tổ chức sự kiện ra mắt sản phẩm mới
ACB,ACB: Nhận giải thưởng doanh nghiệp xuất sắc,2025-03-20,CafeF,https://cafef.vn/news-ACB-8.html,Nội dung tin tức về ACB: Nhận giải thưởng doanh nghiệp xuất sắc
ACB,ACB: Thông báo kết quả kinh doanh vượt kế hoạch,2025-03-17,CafeF,https://cafef.vn/news-ACB-9.html,Nội dung tin tức về ACB: Thông báo kết quả kinh doanh vượt kế hoạch
BCM,BCM: Công bố báo cáo tài chính quý với kết quả tích cực,2025-04-13,CafeF,https://cafef.vn/news-BCM-0.html,Nội dung tin tức về BCM: Công bố báo cáo tài chính quý với kết quả tích cực
BCM,BCM: Thông báo chi trả cổ tức năm tài chính,2025-04-10,CafeF,https://cafef.vn/news-BCM-1.html,Nội dung tin tức về BCM: Thông báo chi trả cổ tức năm tài chính
BCM,BCM: Kế hoạch mở rộng thị trường trong năm tới,2025-04-07,CafeF,https://cafef.vn/news-BCM-2.html,Nội dung tin tức về BCM: Kế hoạch mở rộng thị trường trong năm tới
BCM,BCM: Ký kết hợp đồng hợp tác chiến lược mới,2025-04-04,CafeF,https://cafef.vn/news-BCM-3.html,Nội dung tin tức về BCM: Ký kết hợp đồng hợp tác chiến lược mới
BCM,BCM: Thay đổi nhân sự cấp cao trong ban lãnh đạo,2025-04-01,CafeF,https://cafef.vn/news-BCM-4.html,Nội dung tin tức về BCM: Thay đổi nhân sự cấp cao trong ban lãnh đạo
BCM,BCM: Triển khai dự án đầu tư mới tại thị trường nước ngoài,2025-03-29,CafeF,https://cafef.vn/news-BCM-5.html,Nội dung tin tức về BCM: Triển khai dự án đầu tư mới tại thị trường nước ngoài
BCM,BCM: Công bố kế hoạch phát hành cổ phiếu tăng vốn,2025-03-26,CafeF,https://cafef.vn/news-BCM-6.html,Nội dung tin tức về BCM: Công bố kế hoạch phát hành cổ phiếu tăng vốn
BCM,BCM: Tổ chức sự kiện ra mắt sản phẩm mới,2025-03-23,CafeF,https://cafef.vn/news-BCM-7.html,Nội dung tin tức về BCM: Tổ chức sự kiện ra mắt sản phẩm mới
BCM,BCM: Nhận giải thưởng doanh nghiệp xuất sắc,2025-03-20,CafeF,https://cafef.vn/news-BCM-8.html,Nội dung tin tức về BCM: Nhận giải thưởng doanh nghiệp xuất sắc
BCM,BCM: Thông báo kết quả kinh doanh vượt kế hoạch,2025-03-17,CafeF,https://cafef.vn/news-BCM-9.html,Nội dung tin tức về BCM: Thông báo kết quả kinh doanh vượt kế hoạch
BID,BID: Công bố báo cáo tài chính quý với kết quả tích cực,2025-04-13,CafeF,https://cafef.vn/news-BID-0.html,Nội dung tin tức về BID: Công bố báo cáo tài chính quý với kết quả tích cực
BID,BID: Thông báo chi trả cổ tức năm tài chính,2025-04-10,CafeF,https://cafef.vn/news-BID-1.html,Nội dung tin tức về BID: Thông báo chi trả cổ tức năm tài chính
BID,BID: Kế hoạch mở rộng thị trường trong năm tới,2025-04-07,CafeF,https://cafef.vn/news-BID-2.html,Nội dung tin tức về BID: Kế hoạch mở rộng thị trường trong năm tới
BID,BID: Ký kết hợp đồng hợp tác chiến lược mới,2025-04-04,CafeF,https://cafef.vn/news-BID-3.html,Nội dung tin tức về BID: Ký kết hợp đồng hợp tác chiến lược mới
BID,BID: Thay đổi nhân sự cấp cao trong ban lãnh đạo,2025-04-01,CafeF,https://cafef.vn/news-BID-4.html,Nội dung tin tức về BID: Thay đổi nhân sự cấp cao trong ban lãnh đạo
BID,BID: Triển khai dự án đầu tư mới tại thị trường nước ngoài,2025-03-29,CafeF,https://cafef.vn/news-BID-5.html,Nội dung tin tức về BID: Triển khai dự án đầu tư mới tại thị trường nước ngoài
BID,BID: Công bố kế hoạch phát hành cổ phiếu tăng vốn,2025-03-26,CafeF,https://cafef.vn/news-BID-6.html,Nội dung tin tức về BID: Công bố kế hoạch phát hành cổ phiếu tăng vốn
BID,BID: Tổ chức sự kiện ra mắt sản phẩm mới,2025-03-23,CafeF,https://cafef.vn/news-BID-7.html,Nội dung tin tức về BID: Tổ chức sự kiện ra mắt sản phẩm mới
BID,BID: Nhận giải thưởng doanh nghiệp xuất sắc,2025-03-20,CafeF,https://cafef.vn/news-BID-8.html,Nội dung tin tức về BID: Nhận giải thưởng doanh nghiệp xuất sắc
BID,BID: Thông báo kết quả kinh doanh vượt kế hoạch,2025-03-17,CafeF,https://cafef.vn/news-BID-9.html,Nội dung tin tức về BID: Thông báo kết quả kinh doanh vượt kế hoạch
BVH,BVH: Công bố báo cáo tài chính quý với kết quả tích cực,2025-04-13,CafeF,https://cafef.vn/news-BVH-0.html,Nội dung tin tức về BVH: Công bố báo cáo tài chính quý với kết quả tích cực
BVH,BVH: Thông báo chi trả cổ tức năm tài chính,2025-04-10,CafeF,https://cafef.vn/news-BVH-1.html,Nội dung tin tức về BVH: Thông báo chi trả cổ tức năm tài chính
BVH,BVH: Kế hoạch mở rộng thị trường trong năm tới,2025-04-07,CafeF,https://cafef.vn/news-BVH-2.html,Nội dung tin tức về BVH: Kế hoạch mở rộng thị trường trong năm tới
BVH,BVH: Ký kết hợp đồng hợp tác chiến lược mới,2025-04-04,CafeF,https://cafef.vn/news-BVH-3.html,Nội dung tin tức về BVH: Ký kết hợp đồng hợp tác chiến lược mới
BVH,BVH: Thay đổi nhân sự cấp cao trong ban lãnh đạo,2025-04-01,CafeF,https://cafef.vn/news-BVH-4.html,Nội dung tin tức về BVH: Thay đổi nhân sự cấp cao trong ban lãnh đạo
BVH,BVH: Triển khai dự án đầu tư mới tại thị trường nước ngoài,2025-03-29,CafeF,https://cafef.vn/news-BVH-5.html,Nội dung tin tức về BVH: Triển khai dự án đầu tư mới tại thị trường nước ngoài
BVH,BVH: Công bố kế hoạch phát hành cổ phiếu tăng vốn,2025-03-26,CafeF,https://cafef.vn/news-BVH-6.html,Nội dung tin tức về BVH: Công bố kế hoạch phát hành cổ phiếu tăng vốn
BVH,BVH: Tổ chức sự kiện ra mắt sản phẩm mới,2025-03-23,CafeF,https://cafef.vn/news-BVH-7.html,Nội dung tin tức về BVH: Tổ chức sự kiện ra mắt sản phẩm mới
BVH,BVH: Nhận giải thưởng doanh nghiệp xuất sắc,2025-03-20,CafeF,https://cafef.vn/news-BVH-8.html,Nội dung tin tức về BVH: Nhận giải thưởng doanh nghiệp xuất sắc
BVH,BVH: Thông báo kết quả kinh doanh vượt kế hoạch,2025-03-17,CafeF,https://cafef.vn/news-BVH-9.html,Nội dung tin tức về BVH: Thông báo kết quả kinh doanh vượt kế hoạch
CTG,CTG: Công bố báo cáo tài chính quý với kết quả tích cực,2025-04-13,CafeF,https://cafef.vn/news-CTG-0.html,Nội dung tin tức về CTG: Công bố báo cáo tài chính quý với kết quả tích cực
CTG,CTG: Thông báo chi trả cổ tức năm tài chính,2025-04-10,CafeF,https://cafef.vn/news-CTG-1.html,Nội dung tin tức về CTG: Thông báo chi trả cổ tức năm tài chính
CTG,CTG: Kế hoạch mở rộng thị trường trong năm tới,2025-04-07,CafeF,https://cafef.vn/news-CTG-2.html,Nội dung tin tức về CTG: Kế hoạch mở rộng thị trường trong năm tới
CTG,CTG: Ký kết hợp đồng hợp tác chiến lược mới,2025-04-04,CafeF,https://cafef.vn/news-CTG-3.html,Nội dung tin tức về CTG: Ký kết hợp đồng hợp tác chiến lược mới
CTG,CTG: Thay đổi nhân sự cấp cao trong ban lãnh đạo,2025-04-01,CafeF,https://cafef.vn/news-CTG-4.html,Nội dung tin tức về CTG: Thay đổi nhân sự cấp cao trong ban lãnh đạo
CTG,CTG: Triển khai dự án đầu tư mới tại thị trường nước ngoài,2025-03-29,CafeF,https://cafef.vn/news-CTG-5.html,Nội dung tin tức về CTG: Triển khai dự án đầu tư mới tại thị trường nước ngoài
CTG,CTG: Công bố kế hoạch phát hành cổ phiếu tăng vốn,2025-03-26,CafeF,https://cafef.vn/news-CTG-6.html,Nội dung tin tức về CTG: Công bố kế hoạch phát hành cổ phiếu tăng vốn
CTG,CTG: Tổ chức sự kiện ra mắt sản phẩm mới,2025-03-23,CafeF,https://cafef.vn/news-CTG-7.html,Nội dung tin tức về CTG: Tổ chức sự kiện ra mắt sản phẩm mới
CTG,CTG: Nhận giải thưởng doanh nghiệp xuất sắc,2025-03-20,CafeF,https://cafef.vn/news-CTG-8.html,Nội dung tin tức về CTG: Nhận giải thưởng doanh nghiệp xuất sắc
CTG,CTG: Thông báo kết quả kinh doanh vượt kế hoạch,2025-03-17,CafeF,https://cafef.vn/news-CTG-9.html,Nội dung tin tức về CTG: Thông báo kết quả kinh doanh vượt kế hoạch
FPT,FPT: Công bố báo cáo tài chính quý với kết quả tích cực,2025-04-13,CafeF,https://cafef.vn/news-FPT-0.html,Nội dung tin tức về FPT: Công bố báo cáo tài chính quý với kết quả tích cực
FPT,FPT: Thông báo chi trả cổ tức năm tài chính,2025-04-10,CafeF,https://cafef.vn/news-FPT-1.html,Nội dung tin tức về FPT: Thông báo chi trả cổ tức năm tài chính
FPT,FPT: Kế hoạch mở rộng thị trường trong năm tới,2025-04-07,CafeF,https://cafef.vn/news-FPT-2.html,Nội dung tin tức về FPT: Kế hoạch mở rộng thị trường trong năm tới
FPT,FPT: Ký kết hợp đồng hợp tác chiến lược mới,2025-04-04,CafeF,https://cafef.vn/news-FPT-3.html,Nội dung tin tức về FPT: Ký kết hợp đồng hợp tác chiến lược mới
FPT,FPT: Thay đổi nhân sự cấp cao trong ban lãnh đạo,2025-04-01,CafeF,https://cafef.vn/news-FPT-4.html,Nội dung tin tức về FPT: Thay đổi nhân sự cấp cao trong ban lãnh đạo
FPT,FPT: Triển khai dự án đầu tư mới tại thị trường nước ngoài,2025-03-29,CafeF,https://cafef.vn/news-FPT-5.html,Nội dung tin tức về FPT: Triển khai dự án đầu tư mới tại thị trường nước ngoài
FPT,FPT: Công bố kế hoạch phát hành cổ phiếu tăng vốn,2025-03-26,CafeF,https://cafef.vn/news-FPT-6.html,Nội dung tin tức về FPT: Công bố kế hoạch phát hành cổ phiếu tăng vốn
FPT,FPT: Tổ chức sự kiện ra mắt sản phẩm mới,2025-03-23,CafeF,https://cafef.vn/news-FPT-7.html,Nội dung tin tức về FPT: Tổ chức sự kiện ra mắt sản phẩm mới
FPT,FPT: Nhận giải thưởng doanh nghiệp xuất sắc,2025-03-20,CafeF,https://cafef.vn/news-FPT-8.html,Nội dung tin tức về FPT: Nhận giải thưởng doanh nghiệp xuất sắc
FPT,FPT: Thông báo kết quả kinh doanh vượt kế hoạch,2025-03-17,CafeF,https://cafef.vn/news-FPT-9.html,Nội dung tin tức về FPT: Thông báo kết quả kinh doanh vượt kế hoạch
GAS,GAS: Công bố báo cáo tài chính quý với kết quả tích cực,2025-04-13,CafeF,https://cafef.vn/news-GAS-0.html,Nội dung tin tức về GAS: Công bố báo cáo tài chính quý với kết quả tích cực
GAS,GAS: Thông báo chi trả cổ tức năm tài chính,2025-04-10,CafeF,https://cafef.vn/news-GAS-1.html,Nội dung tin tức về GAS: Thông báo chi trả cổ tức năm tài chính
GAS,GAS: Kế hoạch mở rộng thị trường trong năm tới,2025-04-07,CafeF,https://cafef.vn/news-GAS-2.html,Nội dung tin tức về GAS: Kế hoạch mở rộng thị trường trong năm tới
GAS,GAS: Ký kết hợp đồng hợp tác chiến lược mới,2025-04-04,CafeF,https://cafef.vn/news-GAS-3.html,Nội dung tin tức về GAS: Ký kết hợp đồng hợp tác chiến lược mới
GAS,GAS: Thay đổi nhân sự cấp cao trong ban lãnh đạo,2025-04-01,CafeF,https://cafef.vn/news-GAS-4.html,Nội dung tin tức về GAS: Thay đổi nhân sự cấp cao trong ban lãnh đạo
GAS,GAS: Triển khai dự án đầu tư mới tại thị trường nước ngoài,2025-03-29,CafeF,https://cafef.vn/news-GAS-5.html,Nội dung tin tức về GAS: Triển khai dự án đầu tư mới tại thị trường nước ngoài
GAS,GAS: Công bố kế hoạch phát hành cổ phiếu tăng vốn,2025-03-26,CafeF,https://cafef.vn/news-GAS-6.html,Nội dung tin tức về GAS: Công bố kế hoạch phát hành cổ phiếu tăng vốn
GAS,GAS: Tổ chức sự kiện ra mắt sản phẩm mới,2025-03-23,CafeF,https://cafef.vn/news-GAS-7.html,Nội dung tin tức về GAS: Tổ chức sự kiện ra mắt sản phẩm mới
GAS,GAS: Nhận giải thưởng doanh nghiệp xuất sắc,2025-03-20,CafeF,https://cafef.vn/news-GAS-8.html,Nội dung tin tức về GAS: Nhận giải thưởng doanh nghiệp xuất sắc
GAS,GAS: Thông báo kết quả kinh doanh vượt kế hoạch,2025-03-17,CafeF,https://cafef.vn/news-GAS-9.html,Nội dung tin tức về GAS: Thông báo kết quả kinh doanh vượt kế hoạch
GVR,GVR: Công bố báo cáo tài chính quý với kết quả tích cực,2025-04-13,CafeF,https://cafef.vn/news-GVR-0.html,Nội dung tin tức về GVR: Công bố báo cáo tài chính quý với kết quả tích cực
GVR,GVR: Thông báo chi trả cổ tức năm tài chính,2025-04-10,CafeF,https://cafef.vn/news-GVR-1.html,Nội dung tin tức về GVR: Thông báo chi trả cổ tức năm tài chính
GVR,GVR: Kế hoạch mở rộng thị trường trong năm tới,2025-04-07,CafeF,https://cafef.vn/news-GVR-2.html,Nội dung tin tức về GVR: Kế hoạch mở rộng thị trường trong năm tới
GVR,GVR: Ký kết hợp đồng hợp tác chiến lược mới,2025-04-04,CafeF,https://cafef.vn/news-GVR-3.html,Nội dung tin tức về GVR: Ký kết hợp đồng hợp tác chiến lược mới
GVR,GVR: Thay đổi nhân sự cấp cao trong ban lãnh đạo,2025-04-01,CafeF,https://cafef.vn/news-GVR-4.html,Nội dung tin tức về GVR: Thay đổi nhân sự cấp cao trong ban lãnh đạo
GVR,GVR: Triển khai dự án đầu tư mới tại thị trường nước ngoài,2025-03-29,CafeF,https://cafef.vn/news-GVR-5.html,Nội dung tin tức về GVR: Triển khai dự án đầu tư mới tại thị trường nước ngoài
GVR,GVR: Công bố kế hoạch phát hành cổ phiếu tăng vốn,2025-03-26,CafeF,https://cafef.vn/news-GVR-6.html,Nội dung tin tức về GVR: Công bố kế hoạch phát hành cổ phiếu tăng vốn
GVR,GVR: Tổ chức sự kiện ra mắt sản phẩm mới,2025-03-23,CafeF,https://cafef.vn/news-GVR-7.html,Nội dung tin tức về GVR: Tổ chức sự kiện ra mắt sản phẩm mới
GVR,GVR: Nhận giải thưởng doanh nghiệp xuất sắc,2025-03-20,CafeF,https://cafef.vn/news-GVR-8.html,Nội dung tin tức về GVR: Nhận giải thưởng doanh nghiệp xuất sắc
GVR,GVR: Thông báo kết quả kinh doanh vượt kế hoạch,2025-03-17,CafeF,https://cafef.vn/news-GVR-9.html,Nội dung tin tức về GVR: Thông báo kết quả kinh doanh vượt kế hoạch
HDB,HDB: Công bố báo cáo tài chính quý với kết quả tích cực,2025-04-13,CafeF,https://cafef.vn/news-HDB-0.html,Nội dung tin tức về HDB: Công bố báo cáo tài chính quý với kết quả tích cực
HDB,HDB: Thông báo chi trả cổ tức năm tài chính,2025-04-10,CafeF,https://cafef.vn/news-HDB-1.html,Nội dung tin tức về HDB: Thông báo chi trả cổ tức năm tài chính
HDB,HDB: Kế hoạch mở rộng thị trường trong năm tới,2025-04-07,CafeF,https://cafef.vn/news-HDB-2.html,Nội dung tin tức về HDB: Kế hoạch mở rộng thị trường trong năm tới
HDB,HDB: Ký kết hợp đồng hợp tác chiến lược mới,2025-04-04,CafeF,https://cafef.vn/news-HDB-3.html,Nội dung tin tức về HDB: Ký kết hợp đồng hợp tác chiến lược mới
HDB,HDB: Thay đổi nhân sự cấp cao trong ban lãnh đạo,2025-04-01,CafeF,https://cafef.vn/news-HDB-4.html,Nội dung tin tức về HDB: Thay đổi nhân sự cấp cao trong ban lãnh đạo
HDB,HDB: Triển khai dự án đầu tư mới tại thị trường nước ngoài,2025-03-29,CafeF,https://cafef.vn/news-HDB-5.html,Nội dung tin tức về HDB: Triển khai dự án đầu tư mới tại thị trường nước ngoài
HDB,HDB: Công bố kế hoạch phát hành cổ phiếu tăng vốn,2025-03-26,CafeF,https://cafef.vn/news-HDB-6.html,Nội dung tin tức về HDB: Công bố kế hoạch phát hành cổ phiếu tăng vốn
HDB,HDB: Tổ chức sự kiện ra mắt sản phẩm mới,2025-03-23,CafeF,https://cafef.vn/news-HDB-7.html,Nội dung tin tức về HDB: Tổ chức sự kiện ra mắt sản phẩm mới
HDB,HDB: Nhận giải thưởng doanh nghiệp xuất sắc,2025-03-20,CafeF,https://cafef.vn/news-HDB-8.html,Nội dung tin tức về HDB: Nhận giải thưởng doanh nghiệp xuất sắc
HDB,HDB: Thông báo kết quả kinh doanh vượt kế hoạch,2025-03-17,CafeF,https://cafef.vn/news-HDB-9.html,Nội dung tin tức về HDB: Thông báo kết quả kinh doanh vượt kế hoạch
HPG,HPG: Công bố báo cáo tài chính quý với kết quả tích cực,2025-04-13,CafeF,https://cafef.vn/news-HPG-0.html,Nội dung tin tức về HPG: Công bố báo cáo tài chính quý với kết quả tích cực
HPG,HPG: Thông báo chi trả cổ tức năm tài chính,2025-04-10,CafeF,https://cafef.vn/news-HPG-1.html,Nội dung tin tức về HPG: Thông báo chi trả cổ tức năm tài chính
HPG,HPG: Kế hoạch mở rộng thị trường trong năm tới,2025-04-07,CafeF,https://cafef.vn/news-HPG-2.html,Nội dung tin tức về HPG: Kế hoạch mở rộng thị trường trong năm tới
HPG,HPG: Ký kết hợp đồng hợp tác chiến lược mới,2025-04-04,CafeF,https://cafef.vn/news-HPG-3.html,Nội dung tin tức về HPG: Ký kết hợp đồng hợp tác chiến lược mới
HPG,HPG: Thay đổi nhân sự cấp cao trong ban lãnh đạo,2025-04-01,CafeF,https://cafef.vn/news-HPG-4.html,Nội dung tin tức về HPG: Thay đổi nhân sự cấp cao trong ban lãnh đạo
HPG,HPG: Triển khai dự án đầu tư mới tại thị trường nước ngoài,2025-03-29,CafeF,https://cafef.vn/news-HPG-5.html,Nội dung tin tức về HPG: Triển khai dự án đầu tư mới tại thị trường nước ngoài
HPG,HPG: Công bố kế hoạch phát hành cổ phiếu tăng vốn,2025-03-26,CafeF,https://cafef.vn/news-HPG-6.html,Nội dung tin tức về HPG: Công bố kế hoạch phát hành cổ phiếu tăng vốn
HPG,HPG: Tổ chức sự kiện ra mắt sản phẩm mới,2025-03-23,CafeF,https://cafef.vn/news-HPG-7.html,Nội dung tin tức về HPG: Tổ chức sự kiện ra mắt sản phẩm mới
HPG,HPG: Nhận giải thưởng doanh nghiệp xuất sắc,2025-03-20,CafeF,https://cafef.vn/news-HPG-8.html,Nội dung tin tức về HPG: Nhận giải thưởng doanh nghiệp xuất sắc
HPG,HPG: Thông báo kết quả kinh doanh vượt kế hoạch,2025-03-17,CafeF,https://cafef.vn/news-HPG-9.html,Nội dung tin tức về HPG: Thông báo kết quả kinh doanh vượt kế hoạch
LPB,LPB: Công bố báo cáo tài chính quý với kết quả tích cực,2025-04-13,CafeF,https://cafef.vn/news-LPB-0.html,Nội dung tin tức về LPB: Công bố báo cáo tài chính quý với kết quả tích cực
LPB,LPB: Thông báo chi trả cổ tức năm tài chính,2025-04-10,CafeF,https://cafef.vn/news-LPB-1.html,Nội dung tin tức về LPB: Thông báo chi trả cổ tức năm tài chính
LPB,LPB: Kế hoạch mở rộng thị trường trong năm tới,2025-04-07,CafeF,https://cafef.vn/news-LPB-2.html,Nội dung tin tức về LPB: Kế hoạch mở rộng thị trường trong năm tới
LPB,LPB: Ký kết hợp đồng hợp tác chiến lược mới,2025-04-04,CafeF,https://cafef.vn/news-LPB-3.html,Nội dung tin tức về LPB: Ký kết hợp đồng hợp tác chiến lược mới
LPB,LPB: Thay đổi nhân sự cấp cao trong ban lãnh đạo,2025-04-01,CafeF,https://cafef.vn/news-LPB-4.html,Nội dung tin tức về LPB: Thay đổi nhân sự cấp cao trong ban lãnh đạo
LPB,LPB: Triển khai dự án đầu tư mới tại thị trường nước ngoài,2025-03-29,CafeF,https://cafef.vn/news-LPB-5.html,Nội dung tin tức về LPB: Triển khai dự án đầu tư mới tại thị trường nước ngoài
LPB,LPB: Công bố kế hoạch phát hành cổ phiếu tăng vốn,2025-03-26,CafeF,https://cafef.vn/news-LPB-6.html,Nội dung tin tức về LPB: Công bố kế hoạch phát hành cổ phiếu tăng vốn
LPB,LPB: Tổ chức sự kiện ra mắt sản phẩm mới,2025-03-23,CafeF,https://cafef.vn/news-LPB-7.html,Nội dung tin tức về LPB: Tổ chức sự kiện ra mắt sản phẩm mới
LPB,LPB: Nhận giải thưởng doanh nghiệp xuất sắc,2025-03-20,CafeF,https://cafef.vn/news-LPB-8.html,Nội dung tin tức về LPB: Nhận giải thưởng doanh nghiệp xuất sắc
LPB,LPB: Thông báo kết quả kinh doanh vượt kế hoạch,2025-03-17,CafeF,https://cafef.vn/news-LPB-9.html,Nội dung tin tức về LPB: Thông báo kết quả kinh doanh vượt kế hoạch
MBB,MBB: Công bố báo cáo tài chính quý với kết quả tích cực,2025-04-13,CafeF,https://cafef.vn/news-MBB-0.html,Nội dung tin tức về MBB: Công bố báo cáo tài chính quý với kết quả tích cực
MBB,MBB: Thông báo chi trả cổ tức năm tài chính,2025-04-10,CafeF,https://cafef.vn/news-MBB-1.html,Nội dung tin tức về MBB: Thông báo chi trả cổ tức năm tài chính
MBB,MBB: Kế hoạch mở rộng thị trường trong năm tới,2025-04-07,CafeF,https://cafef.vn/news-MBB-2.html,Nội dung tin tức về MBB: Kế hoạch mở rộng thị trường trong năm tới
MBB,MBB: Ký kết hợp đồng hợp tác chiến lược mới,2025-04-04,CafeF,https://cafef.vn/news-MBB-3.html,Nội dung tin tức về MBB: Ký kết hợp đồng hợp tác chiến lược mới
MBB,MBB: Thay đổi nhân sự cấp cao trong ban lãnh đạo,2025-04-01,CafeF,https://cafef.vn/news-MBB-4.html,Nội dung tin tức về MBB: Thay đổi nhân sự cấp cao trong ban lãnh đạo
MBB,MBB: Triển khai dự án đầu tư mới tại thị trường nước ngoài,2025-03-29,CafeF,https://cafef.vn/news-MBB-5.html,Nội dung tin tức về MBB: Triển khai dự án đầu tư mới tại thị trường nước ngoài
MBB,MBB: Công bố kế hoạch phát hành cổ phiếu tăng vốn,2025-03-26,CafeF,https://cafef.vn/news-MBB-6.html,Nội dung tin tức về MBB: Công bố kế hoạch phát hành cổ phiếu tăng vốn
MBB,MBB: Tổ chức sự kiện ra mắt sản phẩm mới,2025-03-23,CafeF,https://cafef.vn/news-MBB-7.html,Nội dung tin tức về MBB: Tổ chức sự kiện ra mắt sản phẩm mới
MBB,MBB: Nhận giải thưởng doanh nghiệp xuất sắc,2025-03-20,CafeF,https://cafef.vn/news-MBB-8.html,Nội dung tin tức về MBB: Nhận giải thưởng doanh nghiệp xuất sắc
MBB,MBB: Thông báo kết quả kinh doanh vượt kế hoạch,2025-03-17,CafeF,https://cafef.vn/news-MBB-9.html,Nội dung tin tức về MBB: Thông báo kết quả kinh doanh vượt kế hoạch
MSN,MSN: Công bố báo cáo tài chính quý với kết quả tích cực,2025-04-13,CafeF,https://cafef.vn/news-MSN-0.html,Nội dung tin tức về MSN: Công bố báo cáo tài chính quý với kết quả tích cực
MSN,MSN: Thông báo chi trả cổ tức năm tài chính,2025-04-10,CafeF,https://cafef.vn/news-MSN-1.html,Nội dung tin tức về MSN: Thông báo chi trả cổ tức năm tài chính
MSN,MSN: Kế hoạch mở rộng thị trường trong năm tới,2025-04-07,CafeF,https://cafef.vn/news-MSN-2.html,Nội dung tin tức về MSN: Kế hoạch mở rộng thị trường trong năm tới
MSN,MSN: Ký kết hợp đồng hợp tác chiến lược mới,2025-04-04,CafeF,https://cafef.vn/news-MSN-3.html,Nội dung tin tức về MSN: Ký kết hợp đồng hợp tác chiến lược mới
MSN,MSN: Thay đổi nhân sự cấp cao trong ban lãnh đạo,2025-04-01,CafeF,https://cafef.vn/news-MSN-4.html,Nội dung tin tức về MSN: Thay đổi nhân sự cấp cao trong ban lãnh đạo
MSN,MSN: Triển khai dự án đầu tư mới tại thị trường nước ngoài,2025-03-29,CafeF,https://cafef.vn/news-MSN-5.html,Nội dung tin tức về MSN: Triển khai dự án đầu tư mới tại thị trường nước ngoài
MSN,MSN: Công bố kế hoạch phát hành cổ phiếu tăng vốn,2025-03-26,CafeF,https://cafef.vn/news-MSN-6.html,Nội dung tin tức về MSN: Công bố kế hoạch phát hành cổ phiếu tăng vốn
MSN,MSN: Tổ chức sự kiện ra mắt sản phẩm mới,2025-03-23,CafeF,https://cafef.vn/news-MSN-7.html,Nội dung tin tức về MSN: Tổ chức sự kiện ra mắt sản phẩm mới
MSN,MSN: Nhận giải thưởng doanh nghiệp xuất sắc,2025-03-20,CafeF,https://cafef.vn/news-MSN-8.html,Nội dung tin tức về MSN: Nhận giải thưởng doanh nghiệp xuất sắc
MSN,MSN: Thông báo kết quả kinh doanh vượt kế hoạch,2025-03-17,CafeF,https://cafef.vn/news-MSN-9.html,Nội dung tin tức về MSN: Thông báo kết quả kinh doanh vượt kế hoạch
MWG,MWG: Công bố báo cáo tài chính quý với kết quả tích cực,2025-04-13,CafeF,https://cafef.vn/news-MWG-0.html,Nội dung tin tức về MWG: Công bố báo cáo tài chính quý với kết quả tích cực
MWG,MWG: Thông báo chi trả cổ tức năm tài chính,2025-04-10,CafeF,https://cafef.vn/news-MWG-1.html,Nội dung tin tức về MWG: Thông báo chi trả cổ tức năm tài chính
MWG,MWG: Kế hoạch mở rộng thị trường trong năm tới,2025-04-07,CafeF,https://cafef.vn/news-MWG-2.html,Nội dung tin tức về MWG: Kế hoạch mở rộng thị trường trong năm tới
MWG,MWG: Ký kết hợp đồng hợp tác chiến lược mới,2025-04-04,CafeF,https://cafef.vn/news-MWG-3.html,Nội dung tin tức về MWG: Ký kết hợp đồng hợp tác chiến lược mới
MWG,MWG: Thay đổi nhân sự cấp cao trong ban lãnh đạo,2025-04-01,CafeF,https://cafef.vn/news-MWG-4.html,Nội dung tin tức về MWG: Thay đổi nhân sự cấp cao trong ban lãnh đạo
MWG,MWG: Triển khai dự án đầu tư mới tại thị trường nước ngoài,2025-03-29,CafeF,https://cafef.vn/news-MWG-5.html,Nội dung tin tức về MWG: Triển khai dự án đầu tư mới tại thị trường nước ngoài
MWG,MWG: Công bố kế hoạch phát hành cổ phiếu tăng vốn,2025-03-26,CafeF,https://cafef.vn/news-MWG-6.html,Nội dung tin tức về MWG: Công bố kế hoạch phát hành cổ phiếu tăng vốn
MWG,MWG: Tổ chức sự kiện ra mắt sản phẩm mới,2025-03-23,CafeF,https://cafef.vn/news-MWG-7.html,Nội dung tin tức về MWG: Tổ chức sự kiện ra mắt sản phẩm mới
MWG,MWG: Nhận giải thưởng doanh nghiệp xuất sắc,2025-03-20,CafeF,https://cafef.vn/news-MWG-8.html,Nội dung tin tức về MWG: Nhận giải thưởng doanh nghiệp xuất sắc
MWG,MWG: Thông báo kết quả kinh doanh vượt kế hoạch,2025-03-17,CafeF,https://cafef.vn/news-MWG-9.html,Nội dung tin tức về MWG: Thông báo kết quả kinh doanh vượt kế hoạch
PLX,PLX: Công bố báo cáo tài chính quý với kết quả tích cực,2025-04-13,CafeF,https://cafef.vn/news-PLX-0.html,Nội dung tin tức về PLX: Công bố báo cáo tài chính quý với kết quả tích cực
PLX,PLX: Thông báo chi trả cổ tức năm tài chính,2025-04-10,CafeF,https://cafef.vn/news-PLX-1.html,Nội dung tin tức về PLX: Thông báo chi trả cổ tức năm tài chính
PLX,PLX: Kế hoạch mở rộng thị trường trong năm tới,2025-04-07,CafeF,https://cafef.vn/news-PLX-2.html,Nội dung tin tức về PLX: Kế hoạch mở rộng thị trường trong năm tới
PLX,PLX: Ký kết hợp đồng hợp tác chiến lược mới,2025-04-04,CafeF,https://cafef.vn/news-PLX-3.html,Nội dung tin tức về PLX: Ký kết hợp đồng hợp tác chiến lược mới
PLX,PLX: Thay đổi nhân sự cấp cao trong ban lãnh đạo,2025-04-01,CafeF,https://cafef.vn/news-PLX-4.html,Nội dung tin tức về PLX: Thay đổi nhân sự cấp cao trong ban lãnh đạo
PLX,PLX: Triển khai dự án đầu tư mới tại thị trường nước ngoài,2025-03-29,CafeF,https://cafef.vn/news-PLX-5.html,Nội dung tin tức về PLX: Triển khai dự án đầu tư mới tại thị trường nước ngoài
PLX,PLX: Công bố kế hoạch phát hành cổ phiếu tăng vốn,2025-03-26,CafeF,https://cafef.vn/news-PLX-6.html,Nội dung tin tức về PLX: Công bố kế hoạch phát hành cổ phiếu tăng vốn
PLX,PLX: Tổ chức sự kiện ra mắt sản phẩm mới,2025-03-23,CafeF,https://cafef.vn/news-PLX-7.html,Nội dung tin tức về PLX: Tổ chức sự kiện ra mắt sản phẩm mới
PLX,PLX: Nhận giải thưởng doanh nghiệp xuất sắc,2025-03-20,CafeF,https://cafef.vn/news-PLX-8.html,Nội dung tin tức về PLX: Nhận giải thưởng doanh nghiệp xuất sắc
PLX,PLX: Thông báo kết quả kinh doanh vượt kế hoạch,2025-03-17,CafeF,https://cafef.vn/news-PLX-9.html,Nội dung tin tức về PLX: Thông báo kết quả kinh doanh vượt kế hoạch
POW,POW: Công bố báo cáo tài chính quý với kết quả tích cực,2025-04-13,CafeF,https://cafef.vn/news-POW-0.html,Nội dung tin tức về POW: Công bố báo cáo tài chính quý với kết quả tích cực
POW,POW: Thông báo chi trả cổ tức năm tài chính,2025-04-10,CafeF,https://cafef.vn/news-POW-1.html,Nội dung tin tức về POW: Thông báo chi trả cổ tức năm tài chính
POW,POW: Kế hoạch mở rộng thị trường trong năm tới,2025-04-07,CafeF,https://cafef.vn/news-POW-2.html,Nội dung tin tức về POW: Kế hoạch mở rộng thị trường trong năm tới
POW,POW: Ký kết hợp đồng hợp tác chiến lược mới,2025-04-04,CafeF,https://cafef.vn/news-POW-3.html,Nội dung tin tức về POW: Ký kết hợp đồng hợp tác chiến lược mới
POW,POW: Thay đổi nhân sự cấp cao trong ban lãnh đạo,2025-04-01,CafeF,https://cafef.vn/news-POW-4.html,Nội dung tin tức về POW: Thay đổi nhân sự cấp cao trong ban lãnh đạo
POW,POW: Triển khai dự án đầu tư mới tại thị trường nước ngoài,2025-03-29,CafeF,https://cafef.vn/news-POW-5.html,Nội dung tin tức về POW: Triển khai dự án đầu tư mới tại thị trường nước ngoài
POW,POW: Công bố kế hoạch phát hành cổ phiếu tăng vốn,2025-03-26,CafeF,https://cafef.vn/news-POW-6.html,Nội dung tin tức về POW: Công bố kế hoạch phát hành cổ phiếu tăng vốn
POW,POW: Tổ chức sự kiện ra mắt sản phẩm mới,2025-03-23,CafeF,https://cafef.vn/news-POW-7.html,Nội dung tin tức về POW: Tổ chức sự kiện ra mắt sản phẩm mới
POW,POW: Nhận giải thưởng doanh nghiệp xuất sắc,2025-03-20,CafeF,https://cafef.vn/news-POW-8.html,Nội dung tin tức về POW: Nhận giải thưởng doanh nghiệp xuất sắc
POW,POW: Thông báo kết quả kinh doanh vượt kế hoạch,2025-03-17,CafeF,https://cafef.vn/news-POW-9.html,Nội dung tin tức về POW: Thông báo kết quả kinh doanh vượt kế hoạch
SAB,SAB: Công bố báo cáo tài chính quý với kết quả tích cực,2025-04-13,CafeF,https://cafef.vn/news-SAB-0.html,Nội dung tin tức về SAB: Công bố báo cáo tài chính quý với kết quả tích cực
SAB,SAB: Thông báo chi trả cổ tức năm tài chính,2025-04-10,CafeF,https://cafef.vn/news-SAB-1.html,Nội dung tin tức về SAB: Thông báo chi trả cổ tức năm tài chính
SAB,SAB: Kế hoạch mở rộng thị trường trong năm tới,2025-04-07,CafeF,https://cafef.vn/news-SAB-2.html,Nội dung tin tức về SAB: Kế hoạch mở rộng thị trường trong năm tới
SAB,SAB: Ký kết hợp đồng hợp tác chiến lược mới,2025-04-04,CafeF,https://cafef.vn/news-SAB-3.html,Nội dung tin tức về SAB: Ký kết hợp đồng hợp tác chiến lược mới
SAB,SAB: Thay đổi nhân sự cấp cao trong ban lãnh đạo,2025-04-01,CafeF,https://cafef.vn/news-SAB-4.html,Nội dung tin tức về SAB: Thay đổi nhân sự cấp cao trong ban lãnh đạo
SAB,SAB: Triển khai dự án đầu tư mới tại thị trường nước ngoài,2025-03-29,CafeF,https://cafef.vn/news-SAB-5.html,Nội dung tin tức về SAB: Triển khai dự án đầu tư mới tại thị trường nước ngoài
SAB,SAB: Công bố kế hoạch phát hành cổ phiếu tăng vốn,2025-03-26,CafeF,https://cafef.vn/news-SAB-6.html,Nội dung tin tức về SAB: Công bố kế hoạch phát hành cổ phiếu tăng vốn
SAB,SAB: Tổ chức sự kiện ra mắt sản phẩm mới,2025-03-23,CafeF,https://cafef.vn/news-SAB-7.html,Nội dung tin tức về SAB: Tổ chức sự kiện ra mắt sản phẩm mới
SAB,SAB: Nhận giải thưởng doanh nghiệp xuất sắc,2025-03-20,CafeF,https://cafef.vn/news-SAB-8.html,Nội dung tin tức về SAB: Nhận giải thưởng doanh nghiệp xuất sắc
SAB,SAB: Thông báo kết quả kinh doanh vượt kế hoạch,2025-03-17,CafeF,https://cafef.vn/news-SAB-9.html,Nội dung tin tức về SAB: Thông báo kết quả kinh doanh vượt kế hoạch
SHB,SHB: Công bố báo cáo tài chính quý với kết quả tích cực,2025-04-13,CafeF,https://cafef.vn/news-SHB-0.html,Nội dung tin tức về SHB: Công bố báo cáo tài chính quý với kết quả tích cực
SHB,SHB: Thông báo chi trả cổ tức năm tài chính,2025-04-10,CafeF,https://cafef.vn/news-SHB-1.html,Nội dung tin tức về SHB: Thông báo chi trả cổ tức năm tài chính
SHB,SHB: Kế hoạch mở rộng thị trường trong năm tới,2025-04-07,CafeF,https://cafef.vn/news-SHB-2.html,Nội dung tin tức về SHB: Kế hoạch mở rộng thị trường trong năm tới
SHB,SHB: Ký kết hợp đồng hợp tác chiến lược mới,2025-04-04,CafeF,https://cafef.vn/news-SHB-3.html,Nội dung tin tức về SHB: Ký kết hợp đồng hợp tác chiến lược mới
SHB,SHB: Thay đổi nhân sự cấp cao trong ban lãnh đạo,2025-04-01,CafeF,https://cafef.vn/news-SHB-4.html,Nội dung tin tức về SHB: Thay đổi nhân sự cấp cao trong ban lãnh đạo
SHB,SHB: Triển khai dự án đầu tư mới tại thị trường nước ngoài,2025-03-29,CafeF,https://cafef.vn/news-SHB-5.html,Nội dung tin tức về SHB: Triển khai dự án đầu tư mới tại thị trường nước ngoài
SHB,SHB: Công bố kế hoạch phát hành cổ phiếu tăng vốn,2025-03-26,CafeF,https://cafef.vn/news-SHB-6.html,Nội dung tin tức về SHB: Công bố kế hoạch phát hành cổ phiếu tăng vốn
SHB,SHB: Tổ chức sự kiện ra mắt sản phẩm mới,2025-03-23,CafeF,https://cafef.vn/news-SHB-7.html,Nội dung tin tức về SHB: Tổ chức sự kiện ra mắt sản phẩm mới
SHB,SHB: Nhận giải thưởng doanh nghiệp xuất sắc,2025-03-20,CafeF,https://cafef.vn/news-SHB-8.html,Nội dung tin tức về SHB: Nhận giải thưởng doanh nghiệp xuất sắc
SHB,SHB: Thông báo kết quả kinh doanh vượt kế hoạch,2025-03-17,CafeF,https://cafef.vn/news-SHB-9.html,Nội dung tin tức về SHB: Thông báo kết quả kinh doanh vượt kế hoạch
SSB,SSB: Công bố báo cáo tài chính quý với kết quả tích cực,2025-04-13,CafeF,https://cafef.vn/news-SSB-0.html,Nội dung tin tức về SSB: Công bố báo cáo tài chính quý với kết quả tích cực
SSB,SSB: Thông báo chi trả cổ tức năm tài chính,2025-04-10,CafeF,https://cafef.vn/news-SSB-1.html,Nội dung tin tức về SSB: Thông báo chi trả cổ tức năm tài chính
SSB,SSB: Kế hoạch mở rộng thị trường trong năm tới,2025-04-07,CafeF,https://cafef.vn/news-SSB-2.html,Nội dung tin tức về SSB: Kế hoạch mở rộng thị trường trong năm tới
SSB,SSB: Ký kết hợp đồng hợp tác chiến lược mới,2025-04-04,CafeF,https://cafef.vn/news-SSB-3.html,Nội dung tin tức về SSB: Ký kết hợp đồng hợp tác chiến lược mới
SSB,SSB: Thay đổi nhân sự cấp cao trong ban lãnh đạo,2025-04-01,CafeF,https://cafef.vn/news-SSB-4.html,Nội dung tin tức về SSB: Thay đổi nhân sự cấp cao trong ban lãnh đạo
SSB,SSB: Triển khai dự án đầu tư mới tại thị trường nước ngoài,2025-03-29,CafeF,https://cafef.vn/news-SSB-5.html,Nội dung tin tức về SSB: Triển khai dự án đầu tư mới tại thị trường nước ngoài
SSB,SSB: Công bố kế hoạch phát hành cổ phiếu tăng vốn,2025-03-26,CafeF,https://cafef.vn/news-SSB-6.html,Nội dung tin tức về SSB: Công bố kế hoạch phát hành cổ phiếu tăng vốn
SSB,SSB: Tổ chức sự kiện ra mắt sản phẩm mới,2025-03-23,CafeF,https://cafef.vn/news-SSB-7.html,Nội dung tin tức về SSB: Tổ chức sự kiện ra mắt sản phẩm mới
SSB,SSB: Nhận giải thưởng doanh nghiệp xuất sắc,2025-03-20,CafeF,https://cafef.vn/news-SSB-8.html,Nội dung tin tức về SSB: Nhận giải thưởng doanh nghiệp xuất sắc
SSB,SSB: Thông báo kết quả kinh doanh vượt kế hoạch,2025-03-17,CafeF,https://cafef.vn/news-SSB-9.html,Nội dung tin tức về SSB: Thông báo kết quả kinh doanh vượt kế hoạch
SSI,SSI: Công bố báo cáo tài chính quý với kết quả tích cực,2025-04-13,CafeF,https://cafef.vn/news-SSI-0.html,Nội dung tin tức về SSI: Công bố báo cáo tài chính quý với kết quả tích cực
SSI,SSI: Thông báo chi trả cổ tức năm tài chính,2025-04-10,CafeF,https://cafef.vn/news-SSI-1.html,Nội dung tin tức về SSI: Thông báo chi trả cổ tức năm tài chính
SSI,SSI: Kế hoạch mở rộng thị trường trong năm tới,2025-04-07,CafeF,https://cafef.vn/news-SSI-2.html,Nội dung tin tức về SSI: Kế hoạch mở rộng thị trường trong năm tới
SSI,SSI: Ký kết hợp đồng hợp tác chiến lược mới,2025-04-04,CafeF,https://cafef.vn/news-SSI-3.html,Nội dung tin tức về SSI: Ký kết hợp đồng hợp tác chiến lược mới
SSI,SSI: Thay đổi nhân sự cấp cao trong ban lãnh đạo,2025-04-01,CafeF,https://cafef.vn/news-SSI-4.html,Nội dung tin tức về SSI: Thay đổi nhân sự cấp cao trong ban lãnh đạo
SSI,SSI: Triển khai dự án đầu tư mới tại thị trường nước ngoài,2025-03-29,CafeF,https://cafef.vn/news-SSI-5.html,Nội dung tin tức về SSI: Triển khai dự án đầu tư mới tại thị trường nước ngoài
SSI,SSI: Công bố kế hoạch phát hành cổ phiếu tăng vốn,2025-03-26,CafeF,https://cafef.vn/news-SSI-6.html,Nội dung tin tức về SSI: Công bố kế hoạch phát hành cổ phiếu tăng vốn
SSI,SSI: Tổ chức sự kiện ra mắt sản phẩm mới,2025-03-23,CafeF,https://cafef.vn/news-SSI-7.html,Nội dung tin tức về SSI: Tổ chức sự kiện ra mắt sản phẩm mới
SSI,SSI: Nhận giải thưởng doanh nghiệp xuất sắc,2025-03-20,CafeF,https://cafef.vn/news-SSI-8.html,Nội dung tin tức về SSI: Nhận giải thưởng doanh nghiệp xuất sắc
SSI,SSI: Thông báo kết quả kinh doanh vượt kế hoạch,2025-03-17,CafeF,https://cafef.vn/news-SSI-9.html,Nội dung tin tức về SSI: Thông báo kết quả kinh doanh vượt kế hoạch
STB,STB: Công bố báo cáo tài chính quý với kết quả tích cực,2025-04-13,CafeF,https://cafef.vn/news-STB-0.html,Nội dung tin tức về STB: Công bố báo cáo tài chính quý với kết quả tích cực
STB,STB: Thông báo chi trả cổ tức năm tài chính,2025-04-10,CafeF,https://cafef.vn/news-STB-1.html,Nội dung tin tức về STB: Thông báo chi trả cổ tức năm tài chính
STB,STB: Kế hoạch mở rộng thị trường trong năm tới,2025-04-07,CafeF,https://cafef.vn/news-STB-2.html,Nội dung tin tức về STB: Kế hoạch mở rộng thị trường trong năm tới
STB,STB: Ký kết hợp đồng hợp tác chiến lược mới,2025-04-04,CafeF,https://cafef.vn/news-STB-3.html,Nội dung tin tức về STB: Ký kết hợp đồng hợp tác chiến lược mới
STB,STB: Thay đổi nhân sự cấp cao trong ban lãnh đạo,2025-04-01,CafeF,https://cafef.vn/news-STB-4.html,Nội dung tin tức về STB: Thay đổi nhân sự cấp cao trong ban lãnh đạo
STB,STB: Triển khai dự án đầu tư mới tại thị trường nước ngoài,2025-03-29,CafeF,https://cafef.vn/news-STB-5.html,Nội dung tin tức về STB: Triển khai dự án đầu tư mới tại thị trường nước ngoài
STB,STB: Công bố kế hoạch phát hành cổ phiếu tăng vốn,2025-03-26,CafeF,https://cafef.vn/news-STB-6.html,Nội dung tin tức về STB: Công bố kế hoạch phát hành cổ phiếu tăng vốn
STB,STB: Tổ chức sự kiện ra mắt sản phẩm mới,2025-03-23,CafeF,https://cafef.vn/news-STB-7.html,Nội dung tin tức về STB: Tổ chức sự kiện ra mắt sản phẩm mới
STB,STB: Nhận giải thưởng doanh nghiệp xuất sắc,2025-03-20,CafeF,https://cafef.vn/news-STB-8.html,Nội dung tin tức về STB: Nhận giải thưởng doanh nghiệp xuất sắc
STB,STB: Thông báo kết quả kinh doanh vượt kế hoạch,2025-03-17,CafeF,https://cafef.vn/news-STB-9.html,Nội dung tin tức về STB: Thông báo kết quả kinh doanh vượt kế hoạch
TCB,TCB: Công bố báo cáo tài chính quý với kết quả tích cực,2025-04-13,CafeF,https://cafef.vn/news-TCB-0.html,Nội dung tin tức về TCB: Công bố báo cáo tài chính quý với kết quả tích cực
TCB,TCB: Thông báo chi trả cổ tức năm tài chính,2025-04-10,CafeF,https://cafef.vn/news-TCB-1.html,Nội dung tin tức về TCB: Thông báo chi trả cổ tức năm tài chính
TCB,TCB: Kế hoạch mở rộng thị trường trong năm tới,2025-04-07,CafeF,https://cafef.vn/news-TCB-2.html,Nội dung tin tức về TCB: Kế hoạch mở rộng thị trường trong năm tới
TCB,TCB: Ký kết hợp đồng hợp tác chiến lược mới,2025-04-04,CafeF,https://cafef.vn/news-TCB-3.html,Nội dung tin tức về TCB: Ký kết hợp đồng hợp tác chiến lược mới
TCB,TCB: Thay đổi nhân sự cấp cao trong ban lãnh đạo,2025-04-01,CafeF,https://cafef.vn/news-TCB-4.html,Nội dung tin tức về TCB: Thay đổi nhân sự cấp cao trong ban lãnh đạo
TCB,TCB: Triển khai dự án đầu tư mới tại thị trường nước ngoài,2025-03-29,CafeF,https://cafef.vn/news-TCB-5.html,Nội dung tin tức về TCB: Triển khai dự án đầu tư mới tại thị trường nước ngoài
TCB,TCB: Công bố kế hoạch phát hành cổ phiếu tăng vốn,2025-03-26,CafeF,https://cafef.vn/news-TCB-6.html,Nội dung tin tức về TCB: Công bố kế hoạch phát hành cổ phiếu tăng vốn
TCB,TCB: Tổ chức sự kiện ra mắt sản phẩm mới,2025-03-23,CafeF,https://cafef.vn/news-TCB-7.html,Nội dung tin tức về TCB: Tổ chức sự kiện ra mắt sản phẩm mới
TCB,TCB: Nhận giải thưởng doanh nghiệp xuất sắc,2025-03-20,CafeF,https://cafef.vn/news-TCB-8.html,Nội dung tin tức về TCB: Nhận giải thưởng doanh nghiệp xuất sắc
TCB,TCB: Thông báo kết quả kinh doanh vượt kế hoạch,2025-03-17,CafeF,https://cafef.vn/news-TCB-9.html,Nội dung tin tức về TCB: Thông báo kết quả kinh doanh vượt kế hoạch
TPB,TPB: Công bố báo cáo tài chính quý với kết quả tích cực,2025-04-13,CafeF,https://cafef.vn/news-TPB-0.html,Nội dung tin tức về TPB: Công bố báo cáo tài chính quý với kết quả tích cực
TPB,TPB: Thông báo chi trả cổ tức năm tài chính,2025-04-10,CafeF,https://cafef.vn/news-TPB-1.html,Nội dung tin tức về TPB: Thông báo chi trả cổ tức năm tài chính
TPB,TPB: Kế hoạch mở rộng thị trường trong năm tới,2025-04-07,CafeF,https://cafef.vn/news-TPB-2.html,Nội dung tin tức về TPB: Kế hoạch mở rộng thị trường trong năm tới
TPB,TPB: Ký kết hợp đồng hợp tác chiến lược mới,2025-04-04,CafeF,https://cafef.vn/news-TPB-3.html,Nội dung tin tức về TPB: Ký kết hợp đồng hợp tác chiến lược mới
TPB,TPB: Thay đổi nhân sự cấp cao trong ban lãnh đạo,2025-04-01,CafeF,https://cafef.vn/news-TPB-4.html,Nội dung tin tức về TPB: Thay đổi nhân sự cấp cao trong ban lãnh đạo
TPB,TPB: Triển khai dự án đầu tư mới tại thị trường nước ngoài,2025-03-29,CafeF,https://cafef.vn/news-TPB-5.html,Nội dung tin tức về TPB: Triển khai dự án đầu tư mới tại thị trường nước ngoài
TPB,TPB: Công bố kế hoạch phát hành cổ phiếu tăng vốn,2025-03-26,CafeF,https://cafef.vn/news-TPB-6.html,Nội dung tin tức về TPB: Công bố kế hoạch phát hành cổ phiếu tăng vốn
TPB,TPB: Tổ chức sự kiện ra mắt sản phẩm mới,2025-03-23,CafeF,https://cafef.vn/news-TPB-7.html,Nội dung tin tức về TPB: Tổ chức sự kiện ra mắt sản phẩm mới
TPB,TPB: Nhận giải thưởng doanh nghiệp xuất sắc,2025-03-20,CafeF,https://cafef.vn/news-TPB-8.html,Nội dung tin tức về TPB: Nhận giải thưởng doanh nghiệp xuất sắc
TPB,TPB: Thông báo kết quả kinh doanh vượt kế hoạch,2025-03-17,CafeF,https://cafef.vn/news-TPB-9.html,Nội dung tin tức về TPB: Thông báo kết quả kinh doanh vượt kế hoạch
VCB,VCB: Công bố báo cáo tài chính quý với kết quả tích cực,2025-04-13,CafeF,https://cafef.vn/news-VCB-0.html,Nội dung tin tức về VCB: Công bố báo cáo tài chính quý với kết quả tích cực
VCB,VCB: Thông báo chi trả cổ tức năm tài chính,2025-04-10,CafeF,https://cafef.vn/news-VCB-1.html,Nội dung tin tức về VCB: Thông báo chi trả cổ tức năm tài chính
VCB,VCB: Kế hoạch mở rộng thị trường trong năm tới,2025-04-07,CafeF,https://cafef.vn/news-VCB-2.html,Nội dung tin tức về VCB: Kế hoạch mở rộng thị trường trong năm tới
VCB,VCB: Ký kết hợp đồng hợp tác chiến lược mới,2025-04-04,CafeF,https://cafef.vn/news-VCB-3.html,Nội dung tin tức về VCB: Ký kết hợp đồng hợp tác chiến lược mới
VCB,VCB: Thay đổi nhân sự cấp cao trong ban lãnh đạo,2025-04-01,CafeF,https://cafef.vn/news-VCB-4.html,Nội dung tin tức về VCB: Thay đổi nhân sự cấp cao trong ban lãnh đạo
VCB,VCB: Triển khai dự án đầu tư mới tại thị trường nước ngoài,2025-03-29,CafeF,https://cafef.vn/news-VCB-5.html,Nội dung tin tức về VCB: Triển khai dự án đầu tư mới tại thị trường nước ngoài
VCB,VCB: Công bố kế hoạch phát hành cổ phiếu tăng vốn,2025-03-26,CafeF,https://cafef.vn/news-VCB-6.html,Nội dung tin tức về VCB: Công bố kế hoạch phát hành cổ phiếu tăng vốn
VCB,VCB: Tổ chức sự kiện ra mắt sản phẩm mới,2025-03-23,CafeF,https://cafef.vn/news-VCB-7.html,Nội dung tin tức về VCB: Tổ chức sự kiện ra mắt sản phẩm mới
VCB,VCB: Nhận giải thưởng doanh nghiệp xuất sắc,2025-03-20,CafeF,https://cafef.vn/news-VCB-8.html,Nội dung tin tức về VCB: Nhận giải thưởng doanh nghiệp xuất sắc
VCB,VCB: Thông báo kết quả kinh doanh vượt kế hoạch,2025-03-17,CafeF,https://cafef.vn/news-VCB-9.html,Nội dung tin tức về VCB: Thông báo kết quả kinh doanh vượt kế hoạch
VHM,VHM: Công bố báo cáo tài chính quý với kết quả tích cực,2025-04-13,CafeF,https://cafef.vn/news-VHM-0.html,Nội dung tin tức về VHM: Công bố báo cáo tài chính quý với kết quả tích cực
VHM,VHM: Thông báo chi trả cổ tức năm tài chính,2025-04-10,CafeF,https://cafef.vn/news-VHM-1.html,Nội dung tin tức về VHM: Thông báo chi trả cổ tức năm tài chính
VHM,VHM: Kế hoạch mở rộng thị trường trong năm tới,2025-04-07,CafeF,https://cafef.vn/news-VHM-2.html,Nội dung tin tức về VHM: Kế hoạch mở rộng thị trường trong năm tới
VHM,VHM: Ký kết hợp đồng hợp tác chiến lược mới,2025-04-04,CafeF,https://cafef.vn/news-VHM-3.html,Nội dung tin tức về VHM: Ký kết hợp đồng hợp tác chiến lược mới
VHM,VHM: Thay đổi nhân sự cấp cao trong ban lãnh đạo,2025-04-01,CafeF,https://cafef.vn/news-VHM-4.html,Nội dung tin tức về VHM: Thay đổi nhân sự cấp cao trong ban lãnh đạo
VHM,VHM: Triển khai dự án đầu tư mới tại thị trường nước ngoài,2025-03-29,CafeF,https://cafef.vn/news-VHM-5.html,Nội dung tin tức về VHM: Triển khai dự án đầu tư mới tại thị trường nước ngoài
VHM,VHM: Công bố kế hoạch phát hành cổ phiếu tăng vốn,2025-03-26,CafeF,https://cafef.vn/news-VHM-6.html,Nội dung tin tức về VHM: Công bố kế hoạch phát hành cổ phiếu tăng vốn
VHM,VHM: Tổ chức sự kiện ra mắt sản phẩm mới,2025-03-23,CafeF,https://cafef.vn/news-VHM-7.html,Nội dung tin tức về VHM: Tổ chức sự kiện ra mắt sản phẩm mới
VHM,VHM: Nhận giải thưởng doanh nghiệp xuất sắc,2025-03-20,CafeF,https://cafef.vn/news-VHM-8.html,Nội dung tin tức về VHM: Nhận giải thưởng doanh nghiệp xuất sắc
VHM,VHM: Thông báo kết quả kinh doanh vượt kế hoạch,2025-03-17,CafeF,https://cafef.vn/news-VHM-9.html,Nội dung tin tức về VHM: Thông báo kết quả kinh doanh vượt kế hoạch
VIB,VIB: Công bố báo cáo tài chính quý với kết quả tích cực,2025-04-13,CafeF,https://cafef.vn/news-VIB-0.html,Nội dung tin tức về VIB: Công bố báo cáo tài chính quý với kết quả tích cực
VIB,VIB: Thông báo chi trả cổ tức năm tài chính,2025-04-10,CafeF,https://cafef.vn/news-VIB-1.html,Nội dung tin tức về VIB: Thông báo chi trả cổ tức năm tài chính
VIB,VIB: Kế hoạch mở rộng thị trường trong năm tới,2025-04-07,CafeF,https://cafef.vn/news-VIB-2.html,Nội dung tin tức về VIB: Kế hoạch mở rộng thị trường trong năm tới
VIB,VIB: Ký kết hợp đồng hợp tác chiến lược mới,2025-04-04,CafeF,https://cafef.vn/news-VIB-3.html,Nội dung tin tức về VIB: Ký kết hợp đồng hợp tác chiến lược mới
VIB,VIB: Thay đổi nhân sự cấp cao trong ban lãnh đạo,2025-04-01,CafeF,https://cafef.vn/news-VIB-4.html,Nội dung tin tức về VIB: Thay đổi nhân sự cấp cao trong ban lãnh đạo
VIB,VIB: Triển khai dự án đầu tư mới tại thị trường nước ngoài,2025-03-29,CafeF,https://cafef.vn/news-VIB-5.html,Nội dung tin tức về VIB: Triển khai dự án đầu tư mới tại thị trường nước ngoài
VIB,VIB: Công bố kế hoạch phát hành cổ phiếu tăng vốn,2025-03-26,CafeF,https://cafef.vn/news-VIB-6.html,Nội dung tin tức về VIB: Công bố kế hoạch phát hành cổ phiếu tăng vốn
VIB,VIB: Tổ chức sự kiện ra mắt sản phẩm mới,2025-03-23,CafeF,https://cafef.vn/news-VIB-7.html,Nội dung tin tức về VIB: Tổ chức sự kiện ra mắt sản phẩm mới
VIB,VIB: Nhận giải thưởng doanh nghiệp xuất sắc,2025-03-20,CafeF,https://cafef.vn/news-VIB-8.html,Nội dung tin tức về VIB: Nhận giải thưởng doanh nghiệp xuất sắc
VIB,VIB: Thông báo kết quả kinh doanh vượt kế hoạch,2025-03-17,CafeF,https://cafef.vn/news-VIB-9.html,Nội dung tin tức về VIB: Thông báo kết quả kinh doanh vượt kế hoạch
VIC,VIC: Công bố báo cáo tài chính quý với kết quả tích cực,2025-04-13,CafeF,https://cafef.vn/news-VIC-0.html,Nội dung tin tức về VIC: Công bố báo cáo tài chính quý với kết quả tích cực
VIC,VIC: Thông báo chi trả cổ tức năm tài chính,2025-04-10,CafeF,https://cafef.vn/news-VIC-1.html,Nội dung tin tức về VIC: Thông báo chi trả cổ tức năm tài chính
VIC,VIC: Kế hoạch mở rộng thị trường trong năm tới,2025-04-07,CafeF,https://cafef.vn/news-VIC-2.html,Nội dung tin tức về VIC: Kế hoạch mở rộng thị trường trong năm tới
VIC,VIC: Ký kết hợp đồng hợp tác chiến lược mới,2025-04-04,CafeF,https://cafef.vn/news-VIC-3.html,Nội dung tin tức về VIC: Ký kết hợp đồng hợp tác chiến lược mới
VIC,VIC: Thay đổi nhân sự cấp cao trong ban lãnh đạo,2025-04-01,CafeF,https://cafef.vn/news-VIC-4.html,Nội dung tin tức về VIC: Thay đổi nhân sự cấp cao trong ban lãnh đạo
VIC,VIC: Triển khai dự án đầu tư mới tại thị trường nước ngoài,2025-03-29,CafeF,https://cafef.vn/news-VIC-5.html,Nội dung tin tức về VIC: Triển khai dự án đầu tư mới tại thị trường nước ngoài
VIC,VIC: Công bố kế hoạch phát hành cổ phiếu tăng vốn,2025-03-26,CafeF,https://cafef.vn/news-VIC-6.html,Nội dung tin tức về VIC: Công bố kế hoạch phát hành cổ phiếu tăng vốn
VIC,VIC: Tổ chức sự kiện ra mắt sản phẩm mới,2025-03-23,CafeF,https://cafef.vn/news-VIC-7.html,Nội dung tin tức về VIC: Tổ chức sự kiện ra mắt sản phẩm mới
VIC,VIC: Nhận giải thưởng doanh nghiệp xuất sắc,2025-03-20,CafeF,https://cafef.vn/news-VIC-8.html,Nội dung tin tức về VIC: Nhận giải thưởng doanh nghiệp xuất sắc
VIC,VIC: Thông báo kết quả kinh doanh vượt kế hoạch,2025-03-17,CafeF,https://cafef.vn/news-VIC-9.html,Nội dung tin tức về VIC: Thông báo kết quả kinh doanh vượt kế hoạch
VJC,VJC: Công bố báo cáo tài chính quý với kết quả tích cực,2025-04-13,CafeF,https://cafef.vn/news-VJC-0.html,Nội dung tin tức về VJC: Công bố báo cáo tài chính quý với kết quả tích cực
VJC,VJC: Thông báo chi trả cổ tức năm tài chính,2025-04-10,CafeF,https://cafef.vn/news-VJC-1.html,Nội dung tin tức về VJC: Thông báo chi trả cổ tức năm tài chính
VJC,VJC: Kế hoạch mở rộng thị trường trong năm tới,2025-04-07,CafeF,https://cafef.vn/news-VJC-2.html,Nội dung tin tức về VJC: Kế hoạch mở rộng thị trường trong năm tới
VJC,VJC: Ký kết hợp đồng hợp tác chiến lược mới,2025-04-04,CafeF,https://cafef.vn/news-VJC-3.html,Nội dung tin tức về VJC: Ký kết hợp đồng hợp tác chiến lược mới
VJC,VJC: Thay đổi nhân sự cấp cao trong ban lãnh đạo,2025-04-01,CafeF,https://cafef.vn/news-VJC-4.html,Nội dung tin tức về VJC: Thay đổi nhân sự cấp cao trong ban lãnh đạo
VJC,VJC: Triển khai dự án đầu tư mới tại thị trường nước ngoài,2025-03-29,CafeF,https://cafef.vn/news-VJC-5.html,Nội dung tin tức về VJC: Triển khai dự án đầu tư mới tại thị trường nước ngoài
VJC,VJC: Công bố kế hoạch phát hành cổ phiếu tăng vốn,2025-03-26,CafeF,https://cafef.vn/news-VJC-6.html,Nội dung tin tức về VJC: Công bố kế hoạch phát hành cổ phiếu tăng vốn
VJC,VJC: Tổ chức sự kiện ra mắt sản phẩm mới,2025-03-23,CafeF,https://cafef.vn/news-VJC-7.html,Nội dung tin tức về VJC: Tổ chức sự kiện ra mắt sản phẩm mới
VJC,VJC: Nhận giải thưởng doanh nghiệp xuất sắc,2025-03-20,CafeF,https://cafef.vn/news-VJC-8.html,Nội dung tin tức về VJC: Nhận giải thưởng doanh nghiệp xuất sắc
VJC,VJC: Thông báo kết quả kinh doanh vượt kế hoạch,2025-03-17,CafeF,https://cafef.vn/news-VJC-9.html,Nội dung tin tức về VJC: Thông báo kết quả kinh doanh vượt kế hoạch
VNM,VNM: Công bố báo cáo tài chính quý với kết quả tích cực,2025-04-13,CafeF,https://cafef.vn/news-VNM-0.html,Nội dung tin tức về VNM: Công bố báo cáo tài chính quý với kết quả tích cực
VNM,VNM: Thông báo chi trả cổ tức năm tài chính,2025-04-10,CafeF,https://cafef.vn/news-VNM-1.html,Nội dung tin tức về VNM: Thông báo chi trả cổ tức năm tài chính
VNM,VNM: Kế hoạch mở rộng thị trường trong năm tới,2025-04-07,CafeF,https://cafef.vn/news-VNM-2.html,Nội dung tin tức về VNM: Kế hoạch mở rộng thị trường trong năm tới
VNM,VNM: Ký kết hợp đồng hợp tác chiến lược mới,2025-04-04,CafeF,https://cafef.vn/news-VNM-3.html,Nội dung tin tức về VNM: Ký kết hợp đồng hợp tác chiến lược mới
VNM,VNM: Thay đổi nhân sự cấp cao trong ban lãnh đạo,2025-04-01,CafeF,https://cafef.vn/news-VNM-4.html,Nội dung tin tức về VNM: Thay đổi nhân sự cấp cao trong ban lãnh đạo
VNM,VNM: Triển khai dự án đầu tư mới tại thị trường nước ngoài,2025-03-29,CafeF,https://cafef.vn/news-VNM-5.html,Nội dung tin tức về VNM: Triển khai dự án đầu tư mới tại thị trường nước ngoài
VNM,VNM: Công bố kế hoạch phát hành cổ phiếu tăng vốn,2025-03-26,CafeF,https://cafef.vn/news-VNM-6.html,Nội dung tin tức về VNM: Công bố kế hoạch phát hành cổ phiếu tăng vốn
VNM,VNM: Tổ chức sự kiện ra mắt sản phẩm mới,2025-03-23,CafeF,https://cafef.vn/news-VNM-7.html,Nội dung tin tức về VNM: Tổ chức sự kiện ra mắt sản phẩm mới
VNM,VNM: Nhận giải thưởng doanh nghiệp xuất sắc,2025-03-20,CafeF,https://cafef.vn/news-VNM-8.html,Nội dung tin tức về VNM: Nhận giải thưởng doanh nghiệp xuất sắc
VNM,VNM: Thông báo kết quả kinh doanh vượt kế hoạch,2025-03-17,CafeF,https://cafef.vn/news-VNM-9.html,Nội dung tin tức về VNM: Thông báo kết quả kinh doanh vượt kế hoạch
VPB,VPB: Công bố báo cáo tài chính quý với kết quả tích cực,2025-04-13,CafeF,https://cafef.vn/news-VPB-0.html,Nội dung tin tức về VPB: Công bố báo cáo tài chính quý với kết quả tích cực
VPB,VPB: Thông báo chi trả cổ tức năm tài chính,2025-04-10,CafeF,https://cafef.vn/news-VPB-1.html,Nội dung tin tức về VPB: Thông báo chi trả cổ tức năm tài chính
VPB,VPB: Kế hoạch mở rộng thị trường trong năm tới,2025-04-07,CafeF,https://cafef.vn/news-VPB-2.html,Nội dung tin tức về VPB: Kế hoạch mở rộng thị trường trong năm tới
VPB,VPB: Ký kết hợp đồng hợp tác chiến lược mới,2025-04-04,CafeF,https://cafef.vn/news-VPB-3.html,Nội dung tin tức về VPB: Ký kết hợp đồng hợp tác chiến lược mới
VPB,VPB: Thay đổi nhân sự cấp cao trong ban lãnh đạo,2025-04-01,CafeF,https://cafef.vn/news-VPB-4.html,Nội dung tin tức về VPB: Thay đổi nhân sự cấp cao trong ban lãnh đạo
VPB,VPB: Triển khai dự án đầu tư mới tại thị trường nước ngoài,2025-03-29,CafeF,https://cafef.vn/news-VPB-5.html,Nội dung tin tức về VPB: Triển khai dự án đầu tư mới tại thị trường nước ngoài
VPB,VPB: Công bố kế hoạch phát hành cổ phiếu tăng vốn,2025-03-26,CafeF,https://cafef.vn/news-VPB-6.html,Nội dung tin tức về VPB: Công bố kế hoạch phát hành cổ phiếu tăng vốn
VPB,VPB: Tổ chức sự kiện ra mắt sản phẩm mới,2025-03-23,CafeF,https://cafef.vn/news-VPB-7.html,Nội dung tin tức về VPB: Tổ chức sự kiện ra mắt sản phẩm mới
VPB,VPB: Nhận giải thưởng doanh nghiệp xuất sắc,2025-03-20,CafeF,https://cafef.vn/news-VPB-8.html,Nội dung tin tức về VPB: Nhận giải thưởng doanh nghiệp xuất sắc
VPB,VPB: Thông báo kết quả kinh doanh vượt kế hoạch,2025-03-17,CafeF,https://cafef.vn/news-VPB-9.html,Nội dung tin tức về VPB: Thông báo kết quả kinh doanh vượt kế hoạch
