symbol,sentiment,score,explanation,timestamp,note,news_title,news_date,news_source
ACB,positive,0.72,Văn bản chứa nhiều từ khóa tích cực về ACB,2025-04-13 22:13:21,Dữ liệu được tạo tự động do Gemini API không khả dụng,ACB: Công bố báo cáo tài chính quý với kết quả tích cực,2025-04-13,CafeF
ACB,neutral,-0.11,Văn bản có nội dung trung tính hoặc không rõ ràng về ACB,2025-04-13 22:13:22,Dữ liệu được tạo tự động do Gemini API không khả dụng,ACB: Thông báo chi trả cổ tức năm tài chính,2025-04-10,CafeF
ACB,neutral,0.08,Văn bản có nội dung trung tính hoặc không rõ ràng về ACB,2025-04-13 22:13:23,Dữ liệu được tạo tự động do Gemini API không khả dụng,ACB: Kế hoạch mở rộng thị trường trong năm tới,2025-04-07,CafeF
ACB,neutral,-0.09,Văn bản có nội dung trung tính hoặc không rõ ràng về ACB,2025-04-13 22:13:24,Dữ liệu được tạo tự động do Gemini API không khả dụng,ACB: Ký kết hợp đồng hợp tác chiến lược mới,2025-04-04,CafeF
ACB,neutral,0.1,Văn bản có nội dung trung tính hoặc không rõ ràng về ACB,2025-04-13 22:13:25,Dữ liệu được tạo tự động do Gemini API không khả dụng,ACB: Thay đổi nhân sự cấp cao trong ban lãnh đạo,2025-04-01,CafeF
ACB,neutral,-0.01,Văn bản có nội dung trung tính hoặc không rõ ràng về ACB,2025-04-13 22:13:26,Dữ liệu được tạo tự động do Gemini API không khả dụng,ACB: Triển khai dự án đầu tư mới tại thị trường nước ngoài,2025-03-29,CafeF
ACB,positive,0.86,Văn bản chứa nhiều từ khóa tích cực về ACB,2025-04-13 22:13:27,Dữ liệu được tạo tự động do Gemini API không khả dụng,ACB: Công bố kế hoạch phát hành cổ phiếu tăng vốn,2025-03-26,CafeF
ACB,neutral,-0.01,Văn bản có nội dung trung tính hoặc không rõ ràng về ACB,2025-04-13 22:13:28,Dữ liệu được tạo tự động do Gemini API không khả dụng,ACB: Tổ chức sự kiện ra mắt sản phẩm mới,2025-03-23,CafeF
ACB,neutral,0.06,Văn bản có nội dung trung tính hoặc không rõ ràng về ACB,2025-04-13 22:13:29,Dữ liệu được tạo tự động do Gemini API không khả dụng,ACB: Nhận giải thưởng doanh nghiệp xuất sắc,2025-03-20,CafeF
ACB,positive,0.72,Văn bản chứa nhiều từ khóa tích cực về ACB,2025-04-13 22:13:30,Dữ liệu được tạo tự động do Gemini API không khả dụng,ACB: Thông báo kết quả kinh doanh vượt kế hoạch,2025-03-17,CafeF
BCM,positive,0.78,Văn bản chứa nhiều từ khóa tích cực về BCM,2025-04-13 22:13:31,Dữ liệu được tạo tự động do Gemini API không khả dụng,BCM: Công bố báo cáo tài chính quý với kết quả tích cực,2025-04-13,CafeF
BCM,neutral,-0.18,Văn bản có nội dung trung tính hoặc không rõ ràng về BCM,2025-04-13 22:13:32,Dữ liệu được tạo tự động do Gemini API không khả dụng,BCM: Thông báo chi trả cổ tức năm tài chính,2025-04-10,CafeF
BCM,neutral,0.06,Văn bản có nội dung trung tính hoặc không rõ ràng về BCM,2025-04-13 22:13:33,Dữ liệu được tạo tự động do Gemini API không khả dụng,BCM: Kế hoạch mở rộng thị trường trong năm tới,2025-04-07,CafeF
BCM,neutral,-0.08,Văn bản có nội dung trung tính hoặc không rõ ràng về BCM,2025-04-13 22:13:35,Dữ liệu được tạo tự động do Gemini API không khả dụng,BCM: Ký kết hợp đồng hợp tác chiến lược mới,2025-04-04,CafeF
BCM,neutral,-0.13,Văn bản có nội dung trung tính hoặc không rõ ràng về BCM,2025-04-13 22:13:36,Dữ liệu được tạo tự động do Gemini API không khả dụng,BCM: Thay đổi nhân sự cấp cao trong ban lãnh đạo,2025-04-01,CafeF
BCM,neutral,-0.08,Văn bản có nội dung trung tính hoặc không rõ ràng về BCM,2025-04-13 22:13:37,Dữ liệu được tạo tự động do Gemini API không khả dụng,BCM: Triển khai dự án đầu tư mới tại thị trường nước ngoài,2025-03-29,CafeF
BCM,positive,0.88,Văn bản chứa nhiều từ khóa tích cực về BCM,2025-04-13 22:13:38,Dữ liệu được tạo tự động do Gemini API không khả dụng,BCM: Công bố kế hoạch phát hành cổ phiếu tăng vốn,2025-03-26,CafeF
BCM,neutral,0.1,Văn bản có nội dung trung tính hoặc không rõ ràng về BCM,2025-04-13 22:13:39,Dữ liệu được tạo tự động do Gemini API không khả dụng,BCM: Tổ chức sự kiện ra mắt sản phẩm mới,2025-03-23,CafeF
BCM,neutral,-0.2,Văn bản có nội dung trung tính hoặc không rõ ràng về BCM,2025-04-13 22:13:40,Dữ liệu được tạo tự động do Gemini API không khả dụng,BCM: Nhận giải thưởng doanh nghiệp xuất sắc,2025-03-20,CafeF
BCM,positive,0.36,Văn bản chứa nhiều từ khóa tích cực về BCM,2025-04-13 22:13:41,Dữ liệu được tạo tự động do Gemini API không khả dụng,BCM: Thông báo kết quả kinh doanh vượt kế hoạch,2025-03-17,CafeF
BID,positive,0.65,Văn bản chứa nhiều từ khóa tích cực về BID,2025-04-13 22:13:42,Dữ liệu được tạo tự động do Gemini API không khả dụng,BID: Công bố báo cáo tài chính quý với kết quả tích cực,2025-04-13,CafeF
BID,neutral,-0.03,Văn bản có nội dung trung tính hoặc không rõ ràng về BID,2025-04-13 22:13:43,Dữ liệu được tạo tự động do Gemini API không khả dụng,BID: Thông báo chi trả cổ tức năm tài chính,2025-04-10,CafeF
BID,neutral,0.1,Văn bản có nội dung trung tính hoặc không rõ ràng về BID,2025-04-13 22:13:44,Dữ liệu được tạo tự động do Gemini API không khả dụng,BID: Kế hoạch mở rộng thị trường trong năm tới,2025-04-07,CafeF
BID,neutral,0.17,Văn bản có nội dung trung tính hoặc không rõ ràng về BID,2025-04-13 22:13:45,Dữ liệu được tạo tự động do Gemini API không khả dụng,BID: Ký kết hợp đồng hợp tác chiến lược mới,2025-04-04,CafeF
BID,neutral,-0.12,Văn bản có nội dung trung tính hoặc không rõ ràng về BID,2025-04-13 22:13:46,Dữ liệu được tạo tự động do Gemini API không khả dụng,BID: Thay đổi nhân sự cấp cao trong ban lãnh đạo,2025-04-01,CafeF
BID,neutral,-0.08,Văn bản có nội dung trung tính hoặc không rõ ràng về BID,2025-04-13 22:13:47,Dữ liệu được tạo tự động do Gemini API không khả dụng,BID: Triển khai dự án đầu tư mới tại thị trường nước ngoài,2025-03-29,CafeF
BID,positive,0.88,Văn bản chứa nhiều từ khóa tích cực về BID,2025-04-13 22:13:48,Dữ liệu được tạo tự động do Gemini API không khả dụng,BID: Công bố kế hoạch phát hành cổ phiếu tăng vốn,2025-03-26,CafeF
BID,neutral,0.18,Văn bản có nội dung trung tính hoặc không rõ ràng về BID,2025-04-13 22:13:49,Dữ liệu được tạo tự động do Gemini API không khả dụng,BID: Tổ chức sự kiện ra mắt sản phẩm mới,2025-03-23,CafeF
BID,neutral,0.17,Văn bản có nội dung trung tính hoặc không rõ ràng về BID,2025-04-13 22:13:50,Dữ liệu được tạo tự động do Gemini API không khả dụng,BID: Nhận giải thưởng doanh nghiệp xuất sắc,2025-03-20,CafeF
BID,positive,0.44,Văn bản chứa nhiều từ khóa tích cực về BID,2025-04-13 22:13:51,Dữ liệu được tạo tự động do Gemini API không khả dụng,BID: Thông báo kết quả kinh doanh vượt kế hoạch,2025-03-17,CafeF
BVH,positive,0.54,Văn bản chứa nhiều từ khóa tích cực về BVH,2025-04-13 22:13:52,Dữ liệu được tạo tự động do Gemini API không khả dụng,BVH: Công bố báo cáo tài chính quý với kết quả tích cực,2025-04-13,CafeF
BVH,neutral,-0.1,Văn bản có nội dung trung tính hoặc không rõ ràng về BVH,2025-04-13 22:13:53,Dữ liệu được tạo tự động do Gemini API không khả dụng,BVH: Thông báo chi trả cổ tức năm tài chính,2025-04-10,CafeF
BVH,neutral,-0.02,Văn bản có nội dung trung tính hoặc không rõ ràng về BVH,2025-04-13 22:13:54,Dữ liệu được tạo tự động do Gemini API không khả dụng,BVH: Kế hoạch mở rộng thị trường trong năm tới,2025-04-07,CafeF
BVH,neutral,0.07,Văn bản có nội dung trung tính hoặc không rõ ràng về BVH,2025-04-13 22:13:55,Dữ liệu được tạo tự động do Gemini API không khả dụng,BVH: Ký kết hợp đồng hợp tác chiến lược mới,2025-04-04,CafeF
BVH,neutral,-0.08,Văn bản có nội dung trung tính hoặc không rõ ràng về BVH,2025-04-13 22:13:57,Dữ liệu được tạo tự động do Gemini API không khả dụng,BVH: Thay đổi nhân sự cấp cao trong ban lãnh đạo,2025-04-01,CafeF
BVH,neutral,0.08,Văn bản có nội dung trung tính hoặc không rõ ràng về BVH,2025-04-13 22:13:58,Dữ liệu được tạo tự động do Gemini API không khả dụng,BVH: Triển khai dự án đầu tư mới tại thị trường nước ngoài,2025-03-29,CafeF
BVH,positive,0.68,Văn bản chứa nhiều từ khóa tích cực về BVH,2025-04-13 22:13:59,Dữ liệu được tạo tự động do Gemini API không khả dụng,BVH: Công bố kế hoạch phát hành cổ phiếu tăng vốn,2025-03-26,CafeF
BVH,neutral,-0.12,Văn bản có nội dung trung tính hoặc không rõ ràng về BVH,2025-04-13 22:14:00,Dữ liệu được tạo tự động do Gemini API không khả dụng,BVH: Tổ chức sự kiện ra mắt sản phẩm mới,2025-03-23,CafeF
BVH,neutral,0.13,Văn bản có nội dung trung tính hoặc không rõ ràng về BVH,2025-04-13 22:14:01,Dữ liệu được tạo tự động do Gemini API không khả dụng,BVH: Nhận giải thưởng doanh nghiệp xuất sắc,2025-03-20,CafeF
BVH,positive,0.63,Văn bản chứa nhiều từ khóa tích cực về BVH,2025-04-13 22:14:02,Dữ liệu được tạo tự động do Gemini API không khả dụng,BVH: Thông báo kết quả kinh doanh vượt kế hoạch,2025-03-17,CafeF
CTG,positive,0.7,Văn bản chứa nhiều từ khóa tích cực về CTG,2025-04-13 22:14:03,Dữ liệu được tạo tự động do Gemini API không khả dụng,CTG: Công bố báo cáo tài chính quý với kết quả tích cực,2025-04-13,CafeF
CTG,neutral,0.19,Văn bản có nội dung trung tính hoặc không rõ ràng về CTG,2025-04-13 22:14:04,Dữ liệu được tạo tự động do Gemini API không khả dụng,CTG: Thông báo chi trả cổ tức năm tài chính,2025-04-10,CafeF
CTG,neutral,0.11,Văn bản có nội dung trung tính hoặc không rõ ràng về CTG,2025-04-13 22:14:05,Dữ liệu được tạo tự động do Gemini API không khả dụng,CTG: Kế hoạch mở rộng thị trường trong năm tới,2025-04-07,CafeF
CTG,neutral,-0.14,Văn bản có nội dung trung tính hoặc không rõ ràng về CTG,2025-04-13 22:14:06,Dữ liệu được tạo tự động do Gemini API không khả dụng,CTG: Ký kết hợp đồng hợp tác chiến lược mới,2025-04-04,CafeF
CTG,neutral,0.19,Văn bản có nội dung trung tính hoặc không rõ ràng về CTG,2025-04-13 22:14:07,Dữ liệu được tạo tự động do Gemini API không khả dụng,CTG: Thay đổi nhân sự cấp cao trong ban lãnh đạo,2025-04-01,CafeF
CTG,neutral,-0.17,Văn bản có nội dung trung tính hoặc không rõ ràng về CTG,2025-04-13 22:14:08,Dữ liệu được tạo tự động do Gemini API không khả dụng,CTG: Triển khai dự án đầu tư mới tại thị trường nước ngoài,2025-03-29,CafeF
CTG,positive,0.75,Văn bản chứa nhiều từ khóa tích cực về CTG,2025-04-13 22:14:09,Dữ liệu được tạo tự động do Gemini API không khả dụng,CTG: Công bố kế hoạch phát hành cổ phiếu tăng vốn,2025-03-26,CafeF
CTG,neutral,-0.15,Văn bản có nội dung trung tính hoặc không rõ ràng về CTG,2025-04-13 22:14:10,Dữ liệu được tạo tự động do Gemini API không khả dụng,CTG: Tổ chức sự kiện ra mắt sản phẩm mới,2025-03-23,CafeF
CTG,neutral,0.14,Văn bản có nội dung trung tính hoặc không rõ ràng về CTG,2025-04-13 22:14:11,Dữ liệu được tạo tự động do Gemini API không khả dụng,CTG: Nhận giải thưởng doanh nghiệp xuất sắc,2025-03-20,CafeF
CTG,positive,0.44,Văn bản chứa nhiều từ khóa tích cực về CTG,2025-04-13 22:14:12,Dữ liệu được tạo tự động do Gemini API không khả dụng,CTG: Thông báo kết quả kinh doanh vượt kế hoạch,2025-03-17,CafeF
FPT,positive,0.35,Văn bản chứa nhiều từ khóa tích cực về FPT,2025-04-13 22:14:13,Dữ liệu được tạo tự động do Gemini API không khả dụng,FPT: Công bố báo cáo tài chính quý với kết quả tích cực,2025-04-13,CafeF
FPT,neutral,-0.04,Văn bản có nội dung trung tính hoặc không rõ ràng về FPT,2025-04-13 22:14:14,Dữ liệu được tạo tự động do Gemini API không khả dụng,FPT: Thông báo chi trả cổ tức năm tài chính,2025-04-10,CafeF
FPT,neutral,-0.02,Văn bản có nội dung trung tính hoặc không rõ ràng về FPT,2025-04-13 22:14:15,Dữ liệu được tạo tự động do Gemini API không khả dụng,FPT: Kế hoạch mở rộng thị trường trong năm tới,2025-04-07,CafeF
FPT,neutral,-0.17,Văn bản có nội dung trung tính hoặc không rõ ràng về FPT,2025-04-13 22:14:16,Dữ liệu được tạo tự động do Gemini API không khả dụng,FPT: Ký kết hợp đồng hợp tác chiến lược mới,2025-04-04,CafeF
FPT,neutral,-0.11,Văn bản có nội dung trung tính hoặc không rõ ràng về FPT,2025-04-13 22:14:17,Dữ liệu được tạo tự động do Gemini API không khả dụng,FPT: Thay đổi nhân sự cấp cao trong ban lãnh đạo,2025-04-01,CafeF
FPT,neutral,0.11,Văn bản có nội dung trung tính hoặc không rõ ràng về FPT,2025-04-13 22:14:18,Dữ liệu được tạo tự động do Gemini API không khả dụng,FPT: Triển khai dự án đầu tư mới tại thị trường nước ngoài,2025-03-29,CafeF
FPT,positive,0.43,Văn bản chứa nhiều từ khóa tích cực về FPT,2025-04-13 22:14:20,Dữ liệu được tạo tự động do Gemini API không khả dụng,FPT: Công bố kế hoạch phát hành cổ phiếu tăng vốn,2025-03-26,CafeF
FPT,neutral,0.14,Văn bản có nội dung trung tính hoặc không rõ ràng về FPT,2025-04-13 22:14:21,Dữ liệu được tạo tự động do Gemini API không khả dụng,FPT: Tổ chức sự kiện ra mắt sản phẩm mới,2025-03-23,CafeF
FPT,neutral,-0.04,Văn bản có nội dung trung tính hoặc không rõ ràng về FPT,2025-04-13 22:14:22,Dữ liệu được tạo tự động do Gemini API không khả dụng,FPT: Nhận giải thưởng doanh nghiệp xuất sắc,2025-03-20,CafeF
FPT,positive,0.83,Văn bản chứa nhiều từ khóa tích cực về FPT,2025-04-13 22:14:23,Dữ liệu được tạo tự động do Gemini API không khả dụng,FPT: Thông báo kết quả kinh doanh vượt kế hoạch,2025-03-17,CafeF
GAS,positive,0.77,Văn bản chứa nhiều từ khóa tích cực về GAS,2025-04-13 22:14:24,Dữ liệu được tạo tự động do Gemini API không khả dụng,GAS: Công bố báo cáo tài chính quý với kết quả tích cực,2025-04-13,CafeF
GAS,neutral,-0.08,Văn bản có nội dung trung tính hoặc không rõ ràng về GAS,2025-04-13 22:14:25,Dữ liệu được tạo tự động do Gemini API không khả dụng,GAS: Thông báo chi trả cổ tức năm tài chính,2025-04-10,CafeF
GAS,neutral,0.09,Văn bản có nội dung trung tính hoặc không rõ ràng về GAS,2025-04-13 22:14:26,Dữ liệu được tạo tự động do Gemini API không khả dụng,GAS: Kế hoạch mở rộng thị trường trong năm tới,2025-04-07,CafeF
GAS,neutral,0.17,Văn bản có nội dung trung tính hoặc không rõ ràng về GAS,2025-04-13 22:14:27,Dữ liệu được tạo tự động do Gemini API không khả dụng,GAS: Ký kết hợp đồng hợp tác chiến lược mới,2025-04-04,CafeF
GAS,neutral,0.11,Văn bản có nội dung trung tính hoặc không rõ ràng về GAS,2025-04-13 22:14:28,Dữ liệu được tạo tự động do Gemini API không khả dụng,GAS: Thay đổi nhân sự cấp cao trong ban lãnh đạo,2025-04-01,CafeF
GAS,neutral,0.01,Văn bản có nội dung trung tính hoặc không rõ ràng về GAS,2025-04-13 22:14:29,Dữ liệu được tạo tự động do Gemini API không khả dụng,GAS: Triển khai dự án đầu tư mới tại thị trường nước ngoài,2025-03-29,CafeF
GAS,positive,0.49,Văn bản chứa nhiều từ khóa tích cực về GAS,2025-04-13 22:14:30,Dữ liệu được tạo tự động do Gemini API không khả dụng,GAS: Công bố kế hoạch phát hành cổ phiếu tăng vốn,2025-03-26,CafeF
GAS,neutral,-0.19,Văn bản có nội dung trung tính hoặc không rõ ràng về GAS,2025-04-13 22:14:31,Dữ liệu được tạo tự động do Gemini API không khả dụng,GAS: Tổ chức sự kiện ra mắt sản phẩm mới,2025-03-23,CafeF
GAS,neutral,-0.14,Văn bản có nội dung trung tính hoặc không rõ ràng về GAS,2025-04-13 22:14:32,Dữ liệu được tạo tự động do Gemini API không khả dụng,GAS: Nhận giải thưởng doanh nghiệp xuất sắc,2025-03-20,CafeF
GAS,positive,0.34,Văn bản chứa nhiều từ khóa tích cực về GAS,2025-04-13 22:14:33,Dữ liệu được tạo tự động do Gemini API không khả dụng,GAS: Thông báo kết quả kinh doanh vượt kế hoạch,2025-03-17,CafeF
GVR,positive,0.51,Văn bản chứa nhiều từ khóa tích cực về GVR,2025-04-13 22:14:34,Dữ liệu được tạo tự động do Gemini API không khả dụng,GVR: Công bố báo cáo tài chính quý với kết quả tích cực,2025-04-13,CafeF
GVR,neutral,0.08,Văn bản có nội dung trung tính hoặc không rõ ràng về GVR,2025-04-13 22:14:35,Dữ liệu được tạo tự động do Gemini API không khả dụng,GVR: Thông báo chi trả cổ tức năm tài chính,2025-04-10,CafeF
GVR,neutral,0.07,Văn bản có nội dung trung tính hoặc không rõ ràng về GVR,2025-04-13 22:14:36,Dữ liệu được tạo tự động do Gemini API không khả dụng,GVR: Kế hoạch mở rộng thị trường trong năm tới,2025-04-07,CafeF
GVR,neutral,-0.06,Văn bản có nội dung trung tính hoặc không rõ ràng về GVR,2025-04-13 22:14:37,Dữ liệu được tạo tự động do Gemini API không khả dụng,GVR: Ký kết hợp đồng hợp tác chiến lược mới,2025-04-04,CafeF
GVR,neutral,0.17,Văn bản có nội dung trung tính hoặc không rõ ràng về GVR,2025-04-13 22:14:38,Dữ liệu được tạo tự động do Gemini API không khả dụng,GVR: Thay đổi nhân sự cấp cao trong ban lãnh đạo,2025-04-01,CafeF
GVR,neutral,0.0,Văn bản có nội dung trung tính hoặc không rõ ràng về GVR,2025-04-13 22:14:39,Dữ liệu được tạo tự động do Gemini API không khả dụng,GVR: Triển khai dự án đầu tư mới tại thị trường nước ngoài,2025-03-29,CafeF
GVR,positive,0.7,Văn bản chứa nhiều từ khóa tích cực về GVR,2025-04-13 22:14:40,Dữ liệu được tạo tự động do Gemini API không khả dụng,GVR: Công bố kế hoạch phát hành cổ phiếu tăng vốn,2025-03-26,CafeF
GVR,neutral,-0.05,Văn bản có nội dung trung tính hoặc không rõ ràng về GVR,2025-04-13 22:14:41,Dữ liệu được tạo tự động do Gemini API không khả dụng,GVR: Tổ chức sự kiện ra mắt sản phẩm mới,2025-03-23,CafeF
GVR,neutral,0.05,Văn bản có nội dung trung tính hoặc không rõ ràng về GVR,2025-04-13 22:14:43,Dữ liệu được tạo tự động do Gemini API không khả dụng,GVR: Nhận giải thưởng doanh nghiệp xuất sắc,2025-03-20,CafeF
GVR,positive,0.67,Văn bản chứa nhiều từ khóa tích cực về GVR,2025-04-13 22:14:44,Dữ liệu được tạo tự động do Gemini API không khả dụng,GVR: Thông báo kết quả kinh doanh vượt kế hoạch,2025-03-17,CafeF
HDB,positive,0.62,Văn bản chứa nhiều từ khóa tích cực về HDB,2025-04-13 22:14:45,Dữ liệu được tạo tự động do Gemini API không khả dụng,HDB: Công bố báo cáo tài chính quý với kết quả tích cực,2025-04-13,CafeF
HDB,neutral,-0.05,Văn bản có nội dung trung tính hoặc không rõ ràng về HDB,2025-04-13 22:14:46,Dữ liệu được tạo tự động do Gemini API không khả dụng,HDB: Thông báo chi trả cổ tức năm tài chính,2025-04-10,CafeF
HDB,neutral,-0.17,Văn bản có nội dung trung tính hoặc không rõ ràng về HDB,2025-04-13 22:14:47,Dữ liệu được tạo tự động do Gemini API không khả dụng,HDB: Kế hoạch mở rộng thị trường trong năm tới,2025-04-07,CafeF
HDB,neutral,0.15,Văn bản có nội dung trung tính hoặc không rõ ràng về HDB,2025-04-13 22:14:48,Dữ liệu được tạo tự động do Gemini API không khả dụng,HDB: Ký kết hợp đồng hợp tác chiến lược mới,2025-04-04,CafeF
HDB,neutral,0.14,Văn bản có nội dung trung tính hoặc không rõ ràng về HDB,2025-04-13 22:14:49,Dữ liệu được tạo tự động do Gemini API không khả dụng,HDB: Thay đổi nhân sự cấp cao trong ban lãnh đạo,2025-04-01,CafeF
HDB,neutral,0.09,Văn bản có nội dung trung tính hoặc không rõ ràng về HDB,2025-04-13 22:14:50,Dữ liệu được tạo tự động do Gemini API không khả dụng,HDB: Triển khai dự án đầu tư mới tại thị trường nước ngoài,2025-03-29,CafeF
HDB,positive,0.67,Văn bản chứa nhiều từ khóa tích cực về HDB,2025-04-13 22:14:51,Dữ liệu được tạo tự động do Gemini API không khả dụng,HDB: Công bố kế hoạch phát hành cổ phiếu tăng vốn,2025-03-26,CafeF
HDB,neutral,-0.19,Văn bản có nội dung trung tính hoặc không rõ ràng về HDB,2025-04-13 22:14:52,Dữ liệu được tạo tự động do Gemini API không khả dụng,HDB: Tổ chức sự kiện ra mắt sản phẩm mới,2025-03-23,CafeF
HDB,neutral,-0.1,Văn bản có nội dung trung tính hoặc không rõ ràng về HDB,2025-04-13 22:14:53,Dữ liệu được tạo tự động do Gemini API không khả dụng,HDB: Nhận giải thưởng doanh nghiệp xuất sắc,2025-03-20,CafeF
HDB,positive,0.71,Văn bản chứa nhiều từ khóa tích cực về HDB,2025-04-13 22:14:54,Dữ liệu được tạo tự động do Gemini API không khả dụng,HDB: Thông báo kết quả kinh doanh vượt kế hoạch,2025-03-17,CafeF
HPG,positive,0.53,Văn bản chứa nhiều từ khóa tích cực về HPG,2025-04-13 22:14:55,Dữ liệu được tạo tự động do Gemini API không khả dụng,HPG: Công bố báo cáo tài chính quý với kết quả tích cực,2025-04-13,CafeF
HPG,neutral,0.02,Văn bản có nội dung trung tính hoặc không rõ ràng về HPG,2025-04-13 22:14:56,Dữ liệu được tạo tự động do Gemini API không khả dụng,HPG: Thông báo chi trả cổ tức năm tài chính,2025-04-10,CafeF
HPG,neutral,0.14,Văn bản có nội dung trung tính hoặc không rõ ràng về HPG,2025-04-13 22:14:57,Dữ liệu được tạo tự động do Gemini API không khả dụng,HPG: Kế hoạch mở rộng thị trường trong năm tới,2025-04-07,CafeF
HPG,neutral,-0.05,Văn bản có nội dung trung tính hoặc không rõ ràng về HPG,2025-04-13 22:14:58,Dữ liệu được tạo tự động do Gemini API không khả dụng,HPG: Ký kết hợp đồng hợp tác chiến lược mới,2025-04-04,CafeF
HPG,neutral,-0.01,Văn bản có nội dung trung tính hoặc không rõ ràng về HPG,2025-04-13 22:14:59,Dữ liệu được tạo tự động do Gemini API không khả dụng,HPG: Thay đổi nhân sự cấp cao trong ban lãnh đạo,2025-04-01,CafeF
HPG,neutral,-0.01,Văn bản có nội dung trung tính hoặc không rõ ràng về HPG,2025-04-13 22:15:00,Dữ liệu được tạo tự động do Gemini API không khả dụng,HPG: Triển khai dự án đầu tư mới tại thị trường nước ngoài,2025-03-29,CafeF
HPG,positive,0.88,Văn bản chứa nhiều từ khóa tích cực về HPG,2025-04-13 22:15:01,Dữ liệu được tạo tự động do Gemini API không khả dụng,HPG: Công bố kế hoạch phát hành cổ phiếu tăng vốn,2025-03-26,CafeF
HPG,neutral,0.15,Văn bản có nội dung trung tính hoặc không rõ ràng về HPG,2025-04-13 22:15:02,Dữ liệu được tạo tự động do Gemini API không khả dụng,HPG: Tổ chức sự kiện ra mắt sản phẩm mới,2025-03-23,CafeF
HPG,neutral,-0.19,Văn bản có nội dung trung tính hoặc không rõ ràng về HPG,2025-04-13 22:15:03,Dữ liệu được tạo tự động do Gemini API không khả dụng,HPG: Nhận giải thưởng doanh nghiệp xuất sắc,2025-03-20,CafeF
HPG,positive,0.46,Văn bản chứa nhiều từ khóa tích cực về HPG,2025-04-13 22:15:04,Dữ liệu được tạo tự động do Gemini API không khả dụng,HPG: Thông báo kết quả kinh doanh vượt kế hoạch,2025-03-17,CafeF
LPB,positive,0.86,Văn bản chứa nhiều từ khóa tích cực về LPB,2025-04-13 22:15:06,Dữ liệu được tạo tự động do Gemini API không khả dụng,LPB: Công bố báo cáo tài chính quý với kết quả tích cực,2025-04-13,CafeF
LPB,neutral,-0.19,Văn bản có nội dung trung tính hoặc không rõ ràng về LPB,2025-04-13 22:15:07,Dữ liệu được tạo tự động do Gemini API không khả dụng,LPB: Thông báo chi trả cổ tức năm tài chính,2025-04-10,CafeF
LPB,neutral,-0.12,Văn bản có nội dung trung tính hoặc không rõ ràng về LPB,2025-04-13 22:15:08,Dữ liệu được tạo tự động do Gemini API không khả dụng,LPB: Kế hoạch mở rộng thị trường trong năm tới,2025-04-07,CafeF
LPB,neutral,0.1,Văn bản có nội dung trung tính hoặc không rõ ràng về LPB,2025-04-13 22:15:09,Dữ liệu được tạo tự động do Gemini API không khả dụng,LPB: Ký kết hợp đồng hợp tác chiến lược mới,2025-04-04,CafeF
LPB,neutral,0.15,Văn bản có nội dung trung tính hoặc không rõ ràng về LPB,2025-04-13 22:15:10,Dữ liệu được tạo tự động do Gemini API không khả dụng,LPB: Thay đổi nhân sự cấp cao trong ban lãnh đạo,2025-04-01,CafeF
LPB,neutral,-0.18,Văn bản có nội dung trung tính hoặc không rõ ràng về LPB,2025-04-13 22:15:11,Dữ liệu được tạo tự động do Gemini API không khả dụng,LPB: Triển khai dự án đầu tư mới tại thị trường nước ngoài,2025-03-29,CafeF
LPB,positive,0.79,Văn bản chứa nhiều từ khóa tích cực về LPB,2025-04-13 22:15:12,Dữ liệu được tạo tự động do Gemini API không khả dụng,LPB: Công bố kế hoạch phát hành cổ phiếu tăng vốn,2025-03-26,CafeF
LPB,neutral,-0.11,Văn bản có nội dung trung tính hoặc không rõ ràng về LPB,2025-04-13 22:15:13,Dữ liệu được tạo tự động do Gemini API không khả dụng,LPB: Tổ chức sự kiện ra mắt sản phẩm mới,2025-03-23,CafeF
LPB,neutral,0.06,Văn bản có nội dung trung tính hoặc không rõ ràng về LPB,2025-04-13 22:15:14,Dữ liệu được tạo tự động do Gemini API không khả dụng,LPB: Nhận giải thưởng doanh nghiệp xuất sắc,2025-03-20,CafeF
LPB,positive,0.39,Văn bản chứa nhiều từ khóa tích cực về LPB,2025-04-13 22:15:15,Dữ liệu được tạo tự động do Gemini API không khả dụng,LPB: Thông báo kết quả kinh doanh vượt kế hoạch,2025-03-17,CafeF
MBB,positive,0.9,Văn bản chứa nhiều từ khóa tích cực về MBB,2025-04-13 22:15:16,Dữ liệu được tạo tự động do Gemini API không khả dụng,MBB: Công bố báo cáo tài chính quý với kết quả tích cực,2025-04-13,CafeF
MBB,neutral,-0.07,Văn bản có nội dung trung tính hoặc không rõ ràng về MBB,2025-04-13 22:15:17,Dữ liệu được tạo tự động do Gemini API không khả dụng,MBB: Thông báo chi trả cổ tức năm tài chính,2025-04-10,CafeF
MBB,neutral,0.18,Văn bản có nội dung trung tính hoặc không rõ ràng về MBB,2025-04-13 22:15:18,Dữ liệu được tạo tự động do Gemini API không khả dụng,MBB: Kế hoạch mở rộng thị trường trong năm tới,2025-04-07,CafeF
MBB,neutral,0.09,Văn bản có nội dung trung tính hoặc không rõ ràng về MBB,2025-04-13 22:15:19,Dữ liệu được tạo tự động do Gemini API không khả dụng,MBB: Ký kết hợp đồng hợp tác chiến lược mới,2025-04-04,CafeF
MBB,neutral,-0.01,Văn bản có nội dung trung tính hoặc không rõ ràng về MBB,2025-04-13 22:15:20,Dữ liệu được tạo tự động do Gemini API không khả dụng,MBB: Thay đổi nhân sự cấp cao trong ban lãnh đạo,2025-04-01,CafeF
MBB,neutral,-0.14,Văn bản có nội dung trung tính hoặc không rõ ràng về MBB,2025-04-13 22:15:21,Dữ liệu được tạo tự động do Gemini API không khả dụng,MBB: Triển khai dự án đầu tư mới tại thị trường nước ngoài,2025-03-29,CafeF
MBB,positive,0.6,Văn bản chứa nhiều từ khóa tích cực về MBB,2025-04-13 22:15:22,Dữ liệu được tạo tự động do Gemini API không khả dụng,MBB: Công bố kế hoạch phát hành cổ phiếu tăng vốn,2025-03-26,CafeF
MBB,neutral,0.16,Văn bản có nội dung trung tính hoặc không rõ ràng về MBB,2025-04-13 22:15:23,Dữ liệu được tạo tự động do Gemini API không khả dụng,MBB: Tổ chức sự kiện ra mắt sản phẩm mới,2025-03-23,CafeF
MBB,neutral,-0.2,Văn bản có nội dung trung tính hoặc không rõ ràng về MBB,2025-04-13 22:15:24,Dữ liệu được tạo tự động do Gemini API không khả dụng,MBB: Nhận giải thưởng doanh nghiệp xuất sắc,2025-03-20,CafeF
MBB,positive,0.82,Văn bản chứa nhiều từ khóa tích cực về MBB,2025-04-13 22:15:25,Dữ liệu được tạo tự động do Gemini API không khả dụng,MBB: Thông báo kết quả kinh doanh vượt kế hoạch,2025-03-17,CafeF
MSN,positive,0.85,Văn bản chứa nhiều từ khóa tích cực về MSN,2025-04-13 22:15:26,Dữ liệu được tạo tự động do Gemini API không khả dụng,MSN: Công bố báo cáo tài chính quý với kết quả tích cực,2025-04-13,CafeF
MSN,neutral,-0.16,Văn bản có nội dung trung tính hoặc không rõ ràng về MSN,2025-04-13 22:15:28,Dữ liệu được tạo tự động do Gemini API không khả dụng,MSN: Thông báo chi trả cổ tức năm tài chính,2025-04-10,CafeF
MSN,neutral,0.05,Văn bản có nội dung trung tính hoặc không rõ ràng về MSN,2025-04-13 22:15:29,Dữ liệu được tạo tự động do Gemini API không khả dụng,MSN: Kế hoạch mở rộng thị trường trong năm tới,2025-04-07,CafeF
MSN,neutral,-0.16,Văn bản có nội dung trung tính hoặc không rõ ràng về MSN,2025-04-13 22:15:30,Dữ liệu được tạo tự động do Gemini API không khả dụng,MSN: Ký kết hợp đồng hợp tác chiến lược mới,2025-04-04,CafeF
MSN,neutral,-0.12,Văn bản có nội dung trung tính hoặc không rõ ràng về MSN,2025-04-13 22:15:31,Dữ liệu được tạo tự động do Gemini API không khả dụng,MSN: Thay đổi nhân sự cấp cao trong ban lãnh đạo,2025-04-01,CafeF
MSN,neutral,0.05,Văn bản có nội dung trung tính hoặc không rõ ràng về MSN,2025-04-13 22:15:32,Dữ liệu được tạo tự động do Gemini API không khả dụng,MSN: Triển khai dự án đầu tư mới tại thị trường nước ngoài,2025-03-29,CafeF
MSN,positive,0.35,Văn bản chứa nhiều từ khóa tích cực về MSN,2025-04-13 22:15:33,Dữ liệu được tạo tự động do Gemini API không khả dụng,MSN: Công bố kế hoạch phát hành cổ phiếu tăng vốn,2025-03-26,CafeF
MSN,neutral,0.12,Văn bản có nội dung trung tính hoặc không rõ ràng về MSN,2025-04-13 22:15:34,Dữ liệu được tạo tự động do Gemini API không khả dụng,MSN: Tổ chức sự kiện ra mắt sản phẩm mới,2025-03-23,CafeF
MSN,neutral,-0.03,Văn bản có nội dung trung tính hoặc không rõ ràng về MSN,2025-04-13 22:15:35,Dữ liệu được tạo tự động do Gemini API không khả dụng,MSN: Nhận giải thưởng doanh nghiệp xuất sắc,2025-03-20,CafeF
MSN,positive,0.86,Văn bản chứa nhiều từ khóa tích cực về MSN,2025-04-13 22:15:36,Dữ liệu được tạo tự động do Gemini API không khả dụng,MSN: Thông báo kết quả kinh doanh vượt kế hoạch,2025-03-17,CafeF
MWG,positive,0.37,Văn bản chứa nhiều từ khóa tích cực về MWG,2025-04-13 22:15:37,Dữ liệu được tạo tự động do Gemini API không khả dụng,MWG: Công bố báo cáo tài chính quý với kết quả tích cực,2025-04-13,CafeF
MWG,neutral,0.19,Văn bản có nội dung trung tính hoặc không rõ ràng về MWG,2025-04-13 22:15:38,Dữ liệu được tạo tự động do Gemini API không khả dụng,MWG: Thông báo chi trả cổ tức năm tài chính,2025-04-10,CafeF
MWG,neutral,0.02,Văn bản có nội dung trung tính hoặc không rõ ràng về MWG,2025-04-13 22:15:39,Dữ liệu được tạo tự động do Gemini API không khả dụng,MWG: Kế hoạch mở rộng thị trường trong năm tới,2025-04-07,CafeF
MWG,neutral,0.15,Văn bản có nội dung trung tính hoặc không rõ ràng về MWG,2025-04-13 22:15:40,Dữ liệu được tạo tự động do Gemini API không khả dụng,MWG: Ký kết hợp đồng hợp tác chiến lược mới,2025-04-04,CafeF
MWG,neutral,-0.01,Văn bản có nội dung trung tính hoặc không rõ ràng về MWG,2025-04-13 22:15:41,Dữ liệu được tạo tự động do Gemini API không khả dụng,MWG: Thay đổi nhân sự cấp cao trong ban lãnh đạo,2025-04-01,CafeF
MWG,neutral,-0.17,Văn bản có nội dung trung tính hoặc không rõ ràng về MWG,2025-04-13 22:15:42,Dữ liệu được tạo tự động do Gemini API không khả dụng,MWG: Triển khai dự án đầu tư mới tại thị trường nước ngoài,2025-03-29,CafeF
MWG,positive,0.4,Văn bản chứa nhiều từ khóa tích cực về MWG,2025-04-13 22:15:43,Dữ liệu được tạo tự động do Gemini API không khả dụng,MWG: Công bố kế hoạch phát hành cổ phiếu tăng vốn,2025-03-26,CafeF
MWG,neutral,-0.01,Văn bản có nội dung trung tính hoặc không rõ ràng về MWG,2025-04-13 22:15:44,Dữ liệu được tạo tự động do Gemini API không khả dụng,MWG: Tổ chức sự kiện ra mắt sản phẩm mới,2025-03-23,CafeF
MWG,neutral,0.11,Văn bản có nội dung trung tính hoặc không rõ ràng về MWG,2025-04-13 22:15:45,Dữ liệu được tạo tự động do Gemini API không khả dụng,MWG: Nhận giải thưởng doanh nghiệp xuất sắc,2025-03-20,CafeF
MWG,positive,0.58,Văn bản chứa nhiều từ khóa tích cực về MWG,2025-04-13 22:15:46,Dữ liệu được tạo tự động do Gemini API không khả dụng,MWG: Thông báo kết quả kinh doanh vượt kế hoạch,2025-03-17,CafeF
PLX,positive,0.83,Văn bản chứa nhiều từ khóa tích cực về PLX,2025-04-13 22:15:47,Dữ liệu được tạo tự động do Gemini API không khả dụng,PLX: Công bố báo cáo tài chính quý với kết quả tích cực,2025-04-13,CafeF
PLX,neutral,0.1,Văn bản có nội dung trung tính hoặc không rõ ràng về PLX,2025-04-13 22:15:48,Dữ liệu được tạo tự động do Gemini API không khả dụng,PLX: Thông báo chi trả cổ tức năm tài chính,2025-04-10,CafeF
PLX,neutral,0.11,Văn bản có nội dung trung tính hoặc không rõ ràng về PLX,2025-04-13 22:15:49,Dữ liệu được tạo tự động do Gemini API không khả dụng,PLX: Kế hoạch mở rộng thị trường trong năm tới,2025-04-07,CafeF
PLX,neutral,-0.19,Văn bản có nội dung trung tính hoặc không rõ ràng về PLX,2025-04-13 22:15:50,Dữ liệu được tạo tự động do Gemini API không khả dụng,PLX: Ký kết hợp đồng hợp tác chiến lược mới,2025-04-04,CafeF
PLX,neutral,-0.0,Văn bản có nội dung trung tính hoặc không rõ ràng về PLX,2025-04-13 22:15:52,Dữ liệu được tạo tự động do Gemini API không khả dụng,PLX: Thay đổi nhân sự cấp cao trong ban lãnh đạo,2025-04-01,CafeF
PLX,neutral,-0.04,Văn bản có nội dung trung tính hoặc không rõ ràng về PLX,2025-04-13 22:15:53,Dữ liệu được tạo tự động do Gemini API không khả dụng,PLX: Triển khai dự án đầu tư mới tại thị trường nước ngoài,2025-03-29,CafeF
PLX,positive,0.46,Văn bản chứa nhiều từ khóa tích cực về PLX,2025-04-13 22:15:54,Dữ liệu được tạo tự động do Gemini API không khả dụng,PLX: Công bố kế hoạch phát hành cổ phiếu tăng vốn,2025-03-26,CafeF
PLX,neutral,0.01,Văn bản có nội dung trung tính hoặc không rõ ràng về PLX,2025-04-13 22:15:55,Dữ liệu được tạo tự động do Gemini API không khả dụng,PLX: Tổ chức sự kiện ra mắt sản phẩm mới,2025-03-23,CafeF
PLX,neutral,0.07,Văn bản có nội dung trung tính hoặc không rõ ràng về PLX,2025-04-13 22:15:56,Dữ liệu được tạo tự động do Gemini API không khả dụng,PLX: Nhận giải thưởng doanh nghiệp xuất sắc,2025-03-20,CafeF
PLX,positive,0.51,Văn bản chứa nhiều từ khóa tích cực về PLX,2025-04-13 22:15:57,Dữ liệu được tạo tự động do Gemini API không khả dụng,PLX: Thông báo kết quả kinh doanh vượt kế hoạch,2025-03-17,CafeF
POW,positive,0.44,Văn bản chứa nhiều từ khóa tích cực về POW,2025-04-13 22:15:58,Dữ liệu được tạo tự động do Gemini API không khả dụng,POW: Công bố báo cáo tài chính quý với kết quả tích cực,2025-04-13,CafeF
POW,neutral,-0.16,Văn bản có nội dung trung tính hoặc không rõ ràng về POW,2025-04-13 22:15:59,Dữ liệu được tạo tự động do Gemini API không khả dụng,POW: Thông báo chi trả cổ tức năm tài chính,2025-04-10,CafeF
POW,neutral,0.12,Văn bản có nội dung trung tính hoặc không rõ ràng về POW,2025-04-13 22:16:00,Dữ liệu được tạo tự động do Gemini API không khả dụng,POW: Kế hoạch mở rộng thị trường trong năm tới,2025-04-07,CafeF
POW,neutral,0.09,Văn bản có nội dung trung tính hoặc không rõ ràng về POW,2025-04-13 22:16:01,Dữ liệu được tạo tự động do Gemini API không khả dụng,POW: Ký kết hợp đồng hợp tác chiến lược mới,2025-04-04,CafeF
POW,neutral,-0.19,Văn bản có nội dung trung tính hoặc không rõ ràng về POW,2025-04-13 22:16:02,Dữ liệu được tạo tự động do Gemini API không khả dụng,POW: Thay đổi nhân sự cấp cao trong ban lãnh đạo,2025-04-01,CafeF
POW,neutral,0.19,Văn bản có nội dung trung tính hoặc không rõ ràng về POW,2025-04-13 22:16:03,Dữ liệu được tạo tự động do Gemini API không khả dụng,POW: Triển khai dự án đầu tư mới tại thị trường nước ngoài,2025-03-29,CafeF
POW,positive,0.87,Văn bản chứa nhiều từ khóa tích cực về POW,2025-04-13 22:16:04,Dữ liệu được tạo tự động do Gemini API không khả dụng,POW: Công bố kế hoạch phát hành cổ phiếu tăng vốn,2025-03-26,CafeF
POW,neutral,0.16,Văn bản có nội dung trung tính hoặc không rõ ràng về POW,2025-04-13 22:16:05,Dữ liệu được tạo tự động do Gemini API không khả dụng,POW: Tổ chức sự kiện ra mắt sản phẩm mới,2025-03-23,CafeF
POW,neutral,0.03,Văn bản có nội dung trung tính hoặc không rõ ràng về POW,2025-04-13 22:16:06,Dữ liệu được tạo tự động do Gemini API không khả dụng,POW: Nhận giải thưởng doanh nghiệp xuất sắc,2025-03-20,CafeF
POW,positive,0.87,Văn bản chứa nhiều từ khóa tích cực về POW,2025-04-13 22:16:07,Dữ liệu được tạo tự động do Gemini API không khả dụng,POW: Thông báo kết quả kinh doanh vượt kế hoạch,2025-03-17,CafeF
SAB,positive,0.53,Văn bản chứa nhiều từ khóa tích cực về SAB,2025-04-13 22:16:08,Dữ liệu được tạo tự động do Gemini API không khả dụng,SAB: Công bố báo cáo tài chính quý với kết quả tích cực,2025-04-13,CafeF
SAB,neutral,0.11,Văn bản có nội dung trung tính hoặc không rõ ràng về SAB,2025-04-13 22:16:09,Dữ liệu được tạo tự động do Gemini API không khả dụng,SAB: Thông báo chi trả cổ tức năm tài chính,2025-04-10,CafeF
SAB,neutral,0.15,Văn bản có nội dung trung tính hoặc không rõ ràng về SAB,2025-04-13 22:16:10,Dữ liệu được tạo tự động do Gemini API không khả dụng,SAB: Kế hoạch mở rộng thị trường trong năm tới,2025-04-07,CafeF
SAB,neutral,0.16,Văn bản có nội dung trung tính hoặc không rõ ràng về SAB,2025-04-13 22:16:11,Dữ liệu được tạo tự động do Gemini API không khả dụng,SAB: Ký kết hợp đồng hợp tác chiến lược mới,2025-04-04,CafeF
SAB,neutral,0.01,Văn bản có nội dung trung tính hoặc không rõ ràng về SAB,2025-04-13 22:16:12,Dữ liệu được tạo tự động do Gemini API không khả dụng,SAB: Thay đổi nhân sự cấp cao trong ban lãnh đạo,2025-04-01,CafeF
SAB,neutral,0.13,Văn bản có nội dung trung tính hoặc không rõ ràng về SAB,2025-04-13 22:16:14,Dữ liệu được tạo tự động do Gemini API không khả dụng,SAB: Triển khai dự án đầu tư mới tại thị trường nước ngoài,2025-03-29,CafeF
SAB,positive,0.84,Văn bản chứa nhiều từ khóa tích cực về SAB,2025-04-13 22:16:15,Dữ liệu được tạo tự động do Gemini API không khả dụng,SAB: Công bố kế hoạch phát hành cổ phiếu tăng vốn,2025-03-26,CafeF
SAB,neutral,0.16,Văn bản có nội dung trung tính hoặc không rõ ràng về SAB,2025-04-13 22:16:16,Dữ liệu được tạo tự động do Gemini API không khả dụng,SAB: Tổ chức sự kiện ra mắt sản phẩm mới,2025-03-23,CafeF
SAB,neutral,-0.12,Văn bản có nội dung trung tính hoặc không rõ ràng về SAB,2025-04-13 22:16:17,Dữ liệu được tạo tự động do Gemini API không khả dụng,SAB: Nhận giải thưởng doanh nghiệp xuất sắc,2025-03-20,CafeF
SAB,positive,0.68,Văn bản chứa nhiều từ khóa tích cực về SAB,2025-04-13 22:16:18,Dữ liệu được tạo tự động do Gemini API không khả dụng,SAB: Thông báo kết quả kinh doanh vượt kế hoạch,2025-03-17,CafeF
SHB,positive,0.45,Văn bản chứa nhiều từ khóa tích cực về SHB,2025-04-13 22:16:19,Dữ liệu được tạo tự động do Gemini API không khả dụng,SHB: Công bố báo cáo tài chính quý với kết quả tích cực,2025-04-13,CafeF
SHB,neutral,-0.03,Văn bản có nội dung trung tính hoặc không rõ ràng về SHB,2025-04-13 22:16:20,Dữ liệu được tạo tự động do Gemini API không khả dụng,SHB: Thông báo chi trả cổ tức năm tài chính,2025-04-10,CafeF
SHB,neutral,-0.07,Văn bản có nội dung trung tính hoặc không rõ ràng về SHB,2025-04-13 22:16:21,Dữ liệu được tạo tự động do Gemini API không khả dụng,SHB: Kế hoạch mở rộng thị trường trong năm tới,2025-04-07,CafeF
SHB,neutral,0.03,Văn bản có nội dung trung tính hoặc không rõ ràng về SHB,2025-04-13 22:16:22,Dữ liệu được tạo tự động do Gemini API không khả dụng,SHB: Ký kết hợp đồng hợp tác chiến lược mới,2025-04-04,CafeF
SHB,neutral,0.07,Văn bản có nội dung trung tính hoặc không rõ ràng về SHB,2025-04-13 22:16:23,Dữ liệu được tạo tự động do Gemini API không khả dụng,SHB: Thay đổi nhân sự cấp cao trong ban lãnh đạo,2025-04-01,CafeF
SHB,neutral,0.07,Văn bản có nội dung trung tính hoặc không rõ ràng về SHB,2025-04-13 22:16:24,Dữ liệu được tạo tự động do Gemini API không khả dụng,SHB: Triển khai dự án đầu tư mới tại thị trường nước ngoài,2025-03-29,CafeF
SHB,positive,0.87,Văn bản chứa nhiều từ khóa tích cực về SHB,2025-04-13 22:16:25,Dữ liệu được tạo tự động do Gemini API không khả dụng,SHB: Công bố kế hoạch phát hành cổ phiếu tăng vốn,2025-03-26,CafeF
SHB,neutral,-0.02,Văn bản có nội dung trung tính hoặc không rõ ràng về SHB,2025-04-13 22:16:26,Dữ liệu được tạo tự động do Gemini API không khả dụng,SHB: Tổ chức sự kiện ra mắt sản phẩm mới,2025-03-23,CafeF
SHB,neutral,0.02,Văn bản có nội dung trung tính hoặc không rõ ràng về SHB,2025-04-13 22:16:27,Dữ liệu được tạo tự động do Gemini API không khả dụng,SHB: Nhận giải thưởng doanh nghiệp xuất sắc,2025-03-20,CafeF
SHB,positive,0.44,Văn bản chứa nhiều từ khóa tích cực về SHB,2025-04-13 22:16:28,Dữ liệu được tạo tự động do Gemini API không khả dụng,SHB: Thông báo kết quả kinh doanh vượt kế hoạch,2025-03-17,CafeF
SSB,positive,0.38,Văn bản chứa nhiều từ khóa tích cực về SSB,2025-04-13 22:16:29,Dữ liệu được tạo tự động do Gemini API không khả dụng,SSB: Công bố báo cáo tài chính quý với kết quả tích cực,2025-04-13,CafeF
SSB,neutral,0.14,Văn bản có nội dung trung tính hoặc không rõ ràng về SSB,2025-04-13 22:16:30,Dữ liệu được tạo tự động do Gemini API không khả dụng,SSB: Thông báo chi trả cổ tức năm tài chính,2025-04-10,CafeF
SSB,neutral,0.15,Văn bản có nội dung trung tính hoặc không rõ ràng về SSB,2025-04-13 22:16:31,Dữ liệu được tạo tự động do Gemini API không khả dụng,SSB: Kế hoạch mở rộng thị trường trong năm tới,2025-04-07,CafeF
SSB,neutral,0.02,Văn bản có nội dung trung tính hoặc không rõ ràng về SSB,2025-04-13 22:16:32,Dữ liệu được tạo tự động do Gemini API không khả dụng,SSB: Ký kết hợp đồng hợp tác chiến lược mới,2025-04-04,CafeF
SSB,neutral,-0.02,Văn bản có nội dung trung tính hoặc không rõ ràng về SSB,2025-04-13 22:16:33,Dữ liệu được tạo tự động do Gemini API không khả dụng,SSB: Thay đổi nhân sự cấp cao trong ban lãnh đạo,2025-04-01,CafeF
SSB,neutral,0.01,Văn bản có nội dung trung tính hoặc không rõ ràng về SSB,2025-04-13 22:16:34,Dữ liệu được tạo tự động do Gemini API không khả dụng,SSB: Triển khai dự án đầu tư mới tại thị trường nước ngoài,2025-03-29,CafeF
SSB,positive,0.5,Văn bản chứa nhiều từ khóa tích cực về SSB,2025-04-13 22:16:36,Dữ liệu được tạo tự động do Gemini API không khả dụng,SSB: Công bố kế hoạch phát hành cổ phiếu tăng vốn,2025-03-26,CafeF
SSB,neutral,-0.13,Văn bản có nội dung trung tính hoặc không rõ ràng về SSB,2025-04-13 22:16:37,Dữ liệu được tạo tự động do Gemini API không khả dụng,SSB: Tổ chức sự kiện ra mắt sản phẩm mới,2025-03-23,CafeF
SSB,neutral,0.16,Văn bản có nội dung trung tính hoặc không rõ ràng về SSB,2025-04-13 22:16:38,Dữ liệu được tạo tự động do Gemini API không khả dụng,SSB: Nhận giải thưởng doanh nghiệp xuất sắc,2025-03-20,CafeF
SSB,positive,0.77,Văn bản chứa nhiều từ khóa tích cực về SSB,2025-04-13 22:16:39,Dữ liệu được tạo tự động do Gemini API không khả dụng,SSB: Thông báo kết quả kinh doanh vượt kế hoạch,2025-03-17,CafeF
SSI,positive,0.54,Văn bản chứa nhiều từ khóa tích cực về SSI,2025-04-13 22:16:40,Dữ liệu được tạo tự động do Gemini API không khả dụng,SSI: Công bố báo cáo tài chính quý với kết quả tích cực,2025-04-13,CafeF
SSI,neutral,-0.16,Văn bản có nội dung trung tính hoặc không rõ ràng về SSI,2025-04-13 22:16:41,Dữ liệu được tạo tự động do Gemini API không khả dụng,SSI: Thông báo chi trả cổ tức năm tài chính,2025-04-10,CafeF
SSI,neutral,0.06,Văn bản có nội dung trung tính hoặc không rõ ràng về SSI,2025-04-13 22:16:42,Dữ liệu được tạo tự động do Gemini API không khả dụng,SSI: Kế hoạch mở rộng thị trường trong năm tới,2025-04-07,CafeF
SSI,neutral,-0.16,Văn bản có nội dung trung tính hoặc không rõ ràng về SSI,2025-04-13 22:16:43,Dữ liệu được tạo tự động do Gemini API không khả dụng,SSI: Ký kết hợp đồng hợp tác chiến lược mới,2025-04-04,CafeF
SSI,neutral,0.17,Văn bản có nội dung trung tính hoặc không rõ ràng về SSI,2025-04-13 22:16:44,Dữ liệu được tạo tự động do Gemini API không khả dụng,SSI: Thay đổi nhân sự cấp cao trong ban lãnh đạo,2025-04-01,CafeF
SSI,neutral,0.05,Văn bản có nội dung trung tính hoặc không rõ ràng về SSI,2025-04-13 22:16:45,Dữ liệu được tạo tự động do Gemini API không khả dụng,SSI: Triển khai dự án đầu tư mới tại thị trường nước ngoài,2025-03-29,CafeF
SSI,positive,0.42,Văn bản chứa nhiều từ khóa tích cực về SSI,2025-04-13 22:16:46,Dữ liệu được tạo tự động do Gemini API không khả dụng,SSI: Công bố kế hoạch phát hành cổ phiếu tăng vốn,2025-03-26,CafeF
SSI,neutral,0.04,Văn bản có nội dung trung tính hoặc không rõ ràng về SSI,2025-04-13 22:16:47,Dữ liệu được tạo tự động do Gemini API không khả dụng,SSI: Tổ chức sự kiện ra mắt sản phẩm mới,2025-03-23,CafeF
SSI,neutral,0.15,Văn bản có nội dung trung tính hoặc không rõ ràng về SSI,2025-04-13 22:16:48,Dữ liệu được tạo tự động do Gemini API không khả dụng,SSI: Nhận giải thưởng doanh nghiệp xuất sắc,2025-03-20,CafeF
SSI,positive,0.54,Văn bản chứa nhiều từ khóa tích cực về SSI,2025-04-13 22:16:49,Dữ liệu được tạo tự động do Gemini API không khả dụng,SSI: Thông báo kết quả kinh doanh vượt kế hoạch,2025-03-17,CafeF
STB,positive,0.6,Văn bản chứa nhiều từ khóa tích cực về STB,2025-04-13 22:16:50,Dữ liệu được tạo tự động do Gemini API không khả dụng,STB: Công bố báo cáo tài chính quý với kết quả tích cực,2025-04-13,CafeF
STB,neutral,0.01,Văn bản có nội dung trung tính hoặc không rõ ràng về STB,2025-04-13 22:16:51,Dữ liệu được tạo tự động do Gemini API không khả dụng,STB: Thông báo chi trả cổ tức năm tài chính,2025-04-10,CafeF
STB,neutral,0.19,Văn bản có nội dung trung tính hoặc không rõ ràng về STB,2025-04-13 22:16:52,Dữ liệu được tạo tự động do Gemini API không khả dụng,STB: Kế hoạch mở rộng thị trường trong năm tới,2025-04-07,CafeF
STB,neutral,-0.14,Văn bản có nội dung trung tính hoặc không rõ ràng về STB,2025-04-13 22:16:53,Dữ liệu được tạo tự động do Gemini API không khả dụng,STB: Ký kết hợp đồng hợp tác chiến lược mới,2025-04-04,CafeF
STB,neutral,-0.08,Văn bản có nội dung trung tính hoặc không rõ ràng về STB,2025-04-13 22:16:54,Dữ liệu được tạo tự động do Gemini API không khả dụng,STB: Thay đổi nhân sự cấp cao trong ban lãnh đạo,2025-04-01,CafeF
STB,neutral,-0.1,Văn bản có nội dung trung tính hoặc không rõ ràng về STB,2025-04-13 22:16:55,Dữ liệu được tạo tự động do Gemini API không khả dụng,STB: Triển khai dự án đầu tư mới tại thị trường nước ngoài,2025-03-29,CafeF
STB,positive,0.89,Văn bản chứa nhiều từ khóa tích cực về STB,2025-04-13 22:16:56,Dữ liệu được tạo tự động do Gemini API không khả dụng,STB: Công bố kế hoạch phát hành cổ phiếu tăng vốn,2025-03-26,CafeF
STB,neutral,-0.09,Văn bản có nội dung trung tính hoặc không rõ ràng về STB,2025-04-13 22:16:58,Dữ liệu được tạo tự động do Gemini API không khả dụng,STB: Tổ chức sự kiện ra mắt sản phẩm mới,2025-03-23,CafeF
STB,neutral,0.11,Văn bản có nội dung trung tính hoặc không rõ ràng về STB,2025-04-13 22:16:59,Dữ liệu được tạo tự động do Gemini API không khả dụng,STB: Nhận giải thưởng doanh nghiệp xuất sắc,2025-03-20,CafeF
STB,positive,0.69,Văn bản chứa nhiều từ khóa tích cực về STB,2025-04-13 22:17:00,Dữ liệu được tạo tự động do Gemini API không khả dụng,STB: Thông báo kết quả kinh doanh vượt kế hoạch,2025-03-17,CafeF
TCB,positive,0.38,Văn bản chứa nhiều từ khóa tích cực về TCB,2025-04-13 22:17:01,Dữ liệu được tạo tự động do Gemini API không khả dụng,TCB: Công bố báo cáo tài chính quý với kết quả tích cực,2025-04-13,CafeF
TCB,neutral,-0.09,Văn bản có nội dung trung tính hoặc không rõ ràng về TCB,2025-04-13 22:17:02,Dữ liệu được tạo tự động do Gemini API không khả dụng,TCB: Thông báo chi trả cổ tức năm tài chính,2025-04-10,CafeF
TCB,neutral,-0.19,Văn bản có nội dung trung tính hoặc không rõ ràng về TCB,2025-04-13 22:17:03,Dữ liệu được tạo tự động do Gemini API không khả dụng,TCB: Kế hoạch mở rộng thị trường trong năm tới,2025-04-07,CafeF
TCB,neutral,-0.13,Văn bản có nội dung trung tính hoặc không rõ ràng về TCB,2025-04-13 22:17:04,Dữ liệu được tạo tự động do Gemini API không khả dụng,TCB: Ký kết hợp đồng hợp tác chiến lược mới,2025-04-04,CafeF
TCB,neutral,0.04,Văn bản có nội dung trung tính hoặc không rõ ràng về TCB,2025-04-13 22:17:05,Dữ liệu được tạo tự động do Gemini API không khả dụng,TCB: Thay đổi nhân sự cấp cao trong ban lãnh đạo,2025-04-01,CafeF
TCB,neutral,-0.15,Văn bản có nội dung trung tính hoặc không rõ ràng về TCB,2025-04-13 22:17:06,Dữ liệu được tạo tự động do Gemini API không khả dụng,TCB: Triển khai dự án đầu tư mới tại thị trường nước ngoài,2025-03-29,CafeF
TCB,positive,0.31,Văn bản chứa nhiều từ khóa tích cực về TCB,2025-04-13 22:17:07,Dữ liệu được tạo tự động do Gemini API không khả dụng,TCB: Công bố kế hoạch phát hành cổ phiếu tăng vốn,2025-03-26,CafeF
TCB,neutral,-0.08,Văn bản có nội dung trung tính hoặc không rõ ràng về TCB,2025-04-13 22:17:08,Dữ liệu được tạo tự động do Gemini API không khả dụng,TCB: Tổ chức sự kiện ra mắt sản phẩm mới,2025-03-23,CafeF
TCB,neutral,0.07,Văn bản có nội dung trung tính hoặc không rõ ràng về TCB,2025-04-13 22:17:09,Dữ liệu được tạo tự động do Gemini API không khả dụng,TCB: Nhận giải thưởng doanh nghiệp xuất sắc,2025-03-20,CafeF
TCB,positive,0.49,Văn bản chứa nhiều từ khóa tích cực về TCB,2025-04-13 22:17:10,Dữ liệu được tạo tự động do Gemini API không khả dụng,TCB: Thông báo kết quả kinh doanh vượt kế hoạch,2025-03-17,CafeF
TPB,positive,0.81,Văn bản chứa nhiều từ khóa tích cực về TPB,2025-04-13 22:17:11,Dữ liệu được tạo tự động do Gemini API không khả dụng,TPB: Công bố báo cáo tài chính quý với kết quả tích cực,2025-04-13,CafeF
TPB,neutral,0.19,Văn bản có nội dung trung tính hoặc không rõ ràng về TPB,2025-04-13 22:17:12,Dữ liệu được tạo tự động do Gemini API không khả dụng,TPB: Thông báo chi trả cổ tức năm tài chính,2025-04-10,CafeF
TPB,neutral,-0.07,Văn bản có nội dung trung tính hoặc không rõ ràng về TPB,2025-04-13 22:17:13,Dữ liệu được tạo tự động do Gemini API không khả dụng,TPB: Kế hoạch mở rộng thị trường trong năm tới,2025-04-07,CafeF
TPB,neutral,0.1,Văn bản có nội dung trung tính hoặc không rõ ràng về TPB,2025-04-13 22:17:14,Dữ liệu được tạo tự động do Gemini API không khả dụng,TPB: Ký kết hợp đồng hợp tác chiến lược mới,2025-04-04,CafeF
TPB,neutral,-0.06,Văn bản có nội dung trung tính hoặc không rõ ràng về TPB,2025-04-13 22:17:15,Dữ liệu được tạo tự động do Gemini API không khả dụng,TPB: Thay đổi nhân sự cấp cao trong ban lãnh đạo,2025-04-01,CafeF
TPB,neutral,0.03,Văn bản có nội dung trung tính hoặc không rõ ràng về TPB,2025-04-13 22:17:16,Dữ liệu được tạo tự động do Gemini API không khả dụng,TPB: Triển khai dự án đầu tư mới tại thị trường nước ngoài,2025-03-29,CafeF
TPB,positive,0.47,Văn bản chứa nhiều từ khóa tích cực về TPB,2025-04-13 22:17:17,Dữ liệu được tạo tự động do Gemini API không khả dụng,TPB: Công bố kế hoạch phát hành cổ phiếu tăng vốn,2025-03-26,CafeF
TPB,neutral,-0.05,Văn bản có nội dung trung tính hoặc không rõ ràng về TPB,2025-04-13 22:17:19,Dữ liệu được tạo tự động do Gemini API không khả dụng,TPB: Tổ chức sự kiện ra mắt sản phẩm mới,2025-03-23,CafeF
TPB,neutral,0.07,Văn bản có nội dung trung tính hoặc không rõ ràng về TPB,2025-04-13 22:17:20,Dữ liệu được tạo tự động do Gemini API không khả dụng,TPB: Nhận giải thưởng doanh nghiệp xuất sắc,2025-03-20,CafeF
TPB,positive,0.71,Văn bản chứa nhiều từ khóa tích cực về TPB,2025-04-13 22:17:21,Dữ liệu được tạo tự động do Gemini API không khả dụng,TPB: Thông báo kết quả kinh doanh vượt kế hoạch,2025-03-17,CafeF
VCB,positive,0.68,Văn bản chứa nhiều từ khóa tích cực về VCB,2025-04-13 22:17:22,Dữ liệu được tạo tự động do Gemini API không khả dụng,VCB: Công bố báo cáo tài chính quý với kết quả tích cực,2025-04-13,CafeF
VCB,neutral,-0.12,Văn bản có nội dung trung tính hoặc không rõ ràng về VCB,2025-04-13 22:17:23,Dữ liệu được tạo tự động do Gemini API không khả dụng,VCB: Thông báo chi trả cổ tức năm tài chính,2025-04-10,CafeF
VCB,neutral,0.04,Văn bản có nội dung trung tính hoặc không rõ ràng về VCB,2025-04-13 22:17:24,Dữ liệu được tạo tự động do Gemini API không khả dụng,VCB: Kế hoạch mở rộng thị trường trong năm tới,2025-04-07,CafeF
VCB,neutral,0.14,Văn bản có nội dung trung tính hoặc không rõ ràng về VCB,2025-04-13 22:17:25,Dữ liệu được tạo tự động do Gemini API không khả dụng,VCB: Ký kết hợp đồng hợp tác chiến lược mới,2025-04-04,CafeF
VCB,neutral,0.19,Văn bản có nội dung trung tính hoặc không rõ ràng về VCB,2025-04-13 22:17:26,Dữ liệu được tạo tự động do Gemini API không khả dụng,VCB: Thay đổi nhân sự cấp cao trong ban lãnh đạo,2025-04-01,CafeF
VCB,neutral,0.03,Văn bản có nội dung trung tính hoặc không rõ ràng về VCB,2025-04-13 22:17:27,Dữ liệu được tạo tự động do Gemini API không khả dụng,VCB: Triển khai dự án đầu tư mới tại thị trường nước ngoài,2025-03-29,CafeF
VCB,positive,0.82,Văn bản chứa nhiều từ khóa tích cực về VCB,2025-04-13 22:17:28,Dữ liệu được tạo tự động do Gemini API không khả dụng,VCB: Công bố kế hoạch phát hành cổ phiếu tăng vốn,2025-03-26,CafeF
VCB,neutral,-0.17,Văn bản có nội dung trung tính hoặc không rõ ràng về VCB,2025-04-13 22:17:29,Dữ liệu được tạo tự động do Gemini API không khả dụng,VCB: Tổ chức sự kiện ra mắt sản phẩm mới,2025-03-23,CafeF
VCB,neutral,-0.04,Văn bản có nội dung trung tính hoặc không rõ ràng về VCB,2025-04-13 22:17:30,Dữ liệu được tạo tự động do Gemini API không khả dụng,VCB: Nhận giải thưởng doanh nghiệp xuất sắc,2025-03-20,CafeF
VCB,positive,0.32,Văn bản chứa nhiều từ khóa tích cực về VCB,2025-04-13 22:17:31,Dữ liệu được tạo tự động do Gemini API không khả dụng,VCB: Thông báo kết quả kinh doanh vượt kế hoạch,2025-03-17,CafeF
VHM,positive,0.42,Văn bản chứa nhiều từ khóa tích cực về VHM,2025-04-13 22:17:32,Dữ liệu được tạo tự động do Gemini API không khả dụng,VHM: Công bố báo cáo tài chính quý với kết quả tích cực,2025-04-13,CafeF
VHM,neutral,0.13,Văn bản có nội dung trung tính hoặc không rõ ràng về VHM,2025-04-13 22:17:33,Dữ liệu được tạo tự động do Gemini API không khả dụng,VHM: Thông báo chi trả cổ tức năm tài chính,2025-04-10,CafeF
VHM,neutral,0.03,Văn bản có nội dung trung tính hoặc không rõ ràng về VHM,2025-04-13 22:17:34,Dữ liệu được tạo tự động do Gemini API không khả dụng,VHM: Kế hoạch mở rộng thị trường trong năm tới,2025-04-07,CafeF
VHM,neutral,0.14,Văn bản có nội dung trung tính hoặc không rõ ràng về VHM,2025-04-13 22:17:35,Dữ liệu được tạo tự động do Gemini API không khả dụng,VHM: Ký kết hợp đồng hợp tác chiến lược mới,2025-04-04,CafeF
VHM,neutral,-0.16,Văn bản có nội dung trung tính hoặc không rõ ràng về VHM,2025-04-13 22:17:36,Dữ liệu được tạo tự động do Gemini API không khả dụng,VHM: Thay đổi nhân sự cấp cao trong ban lãnh đạo,2025-04-01,CafeF
VHM,neutral,0.04,Văn bản có nội dung trung tính hoặc không rõ ràng về VHM,2025-04-13 22:17:37,Dữ liệu được tạo tự động do Gemini API không khả dụng,VHM: Triển khai dự án đầu tư mới tại thị trường nước ngoài,2025-03-29,CafeF
VHM,positive,0.4,Văn bản chứa nhiều từ khóa tích cực về VHM,2025-04-13 22:17:38,Dữ liệu được tạo tự động do Gemini API không khả dụng,VHM: Công bố kế hoạch phát hành cổ phiếu tăng vốn,2025-03-26,CafeF
VHM,neutral,-0.04,Văn bản có nội dung trung tính hoặc không rõ ràng về VHM,2025-04-13 22:17:40,Dữ liệu được tạo tự động do Gemini API không khả dụng,VHM: Tổ chức sự kiện ra mắt sản phẩm mới,2025-03-23,CafeF
VHM,neutral,0.19,Văn bản có nội dung trung tính hoặc không rõ ràng về VHM,2025-04-13 22:17:41,Dữ liệu được tạo tự động do Gemini API không khả dụng,VHM: Nhận giải thưởng doanh nghiệp xuất sắc,2025-03-20,CafeF
VHM,positive,0.41,Văn bản chứa nhiều từ khóa tích cực về VHM,2025-04-13 22:17:42,Dữ liệu được tạo tự động do Gemini API không khả dụng,VHM: Thông báo kết quả kinh doanh vượt kế hoạch,2025-03-17,CafeF
VIB,positive,0.37,Văn bản chứa nhiều từ khóa tích cực về VIB,2025-04-13 22:17:43,Dữ liệu được tạo tự động do Gemini API không khả dụng,VIB: Công bố báo cáo tài chính quý với kết quả tích cực,2025-04-13,CafeF
VIB,neutral,0.07,Văn bản có nội dung trung tính hoặc không rõ ràng về VIB,2025-04-13 22:17:44,Dữ liệu được tạo tự động do Gemini API không khả dụng,VIB: Thông báo chi trả cổ tức năm tài chính,2025-04-10,CafeF
VIB,neutral,0.04,Văn bản có nội dung trung tính hoặc không rõ ràng về VIB,2025-04-13 22:17:45,Dữ liệu được tạo tự động do Gemini API không khả dụng,VIB: Kế hoạch mở rộng thị trường trong năm tới,2025-04-07,CafeF
VIB,neutral,-0.13,Văn bản có nội dung trung tính hoặc không rõ ràng về VIB,2025-04-13 22:17:46,Dữ liệu được tạo tự động do Gemini API không khả dụng,VIB: Ký kết hợp đồng hợp tác chiến lược mới,2025-04-04,CafeF
VIB,neutral,-0.03,Văn bản có nội dung trung tính hoặc không rõ ràng về VIB,2025-04-13 22:17:47,Dữ liệu được tạo tự động do Gemini API không khả dụng,VIB: Thay đổi nhân sự cấp cao trong ban lãnh đạo,2025-04-01,CafeF
VIB,neutral,0.11,Văn bản có nội dung trung tính hoặc không rõ ràng về VIB,2025-04-13 22:17:48,Dữ liệu được tạo tự động do Gemini API không khả dụng,VIB: Triển khai dự án đầu tư mới tại thị trường nước ngoài,2025-03-29,CafeF
VIB,positive,0.32,Văn bản chứa nhiều từ khóa tích cực về VIB,2025-04-13 22:17:49,Dữ liệu được tạo tự động do Gemini API không khả dụng,VIB: Công bố kế hoạch phát hành cổ phiếu tăng vốn,2025-03-26,CafeF
VIB,neutral,-0.19,Văn bản có nội dung trung tính hoặc không rõ ràng về VIB,2025-04-13 22:17:50,Dữ liệu được tạo tự động do Gemini API không khả dụng,VIB: Tổ chức sự kiện ra mắt sản phẩm mới,2025-03-23,CafeF
VIB,neutral,-0.01,Văn bản có nội dung trung tính hoặc không rõ ràng về VIB,2025-04-13 22:17:51,Dữ liệu được tạo tự động do Gemini API không khả dụng,VIB: Nhận giải thưởng doanh nghiệp xuất sắc,2025-03-20,CafeF
VIB,positive,0.59,Văn bản chứa nhiều từ khóa tích cực về VIB,2025-04-13 22:17:52,Dữ liệu được tạo tự động do Gemini API không khả dụng,VIB: Thông báo kết quả kinh doanh vượt kế hoạch,2025-03-17,CafeF
VIC,positive,0.53,Văn bản chứa nhiều từ khóa tích cực về VIC,2025-04-13 22:17:53,Dữ liệu được tạo tự động do Gemini API không khả dụng,VIC: Công bố báo cáo tài chính quý với kết quả tích cực,2025-04-13,CafeF
VIC,neutral,-0.05,Văn bản có nội dung trung tính hoặc không rõ ràng về VIC,2025-04-13 22:17:54,Dữ liệu được tạo tự động do Gemini API không khả dụng,VIC: Thông báo chi trả cổ tức năm tài chính,2025-04-10,CafeF
VIC,neutral,-0.05,Văn bản có nội dung trung tính hoặc không rõ ràng về VIC,2025-04-13 22:17:55,Dữ liệu được tạo tự động do Gemini API không khả dụng,VIC: Kế hoạch mở rộng thị trường trong năm tới,2025-04-07,CafeF
VIC,neutral,0.02,Văn bản có nội dung trung tính hoặc không rõ ràng về VIC,2025-04-13 22:17:56,Dữ liệu được tạo tự động do Gemini API không khả dụng,VIC: Ký kết hợp đồng hợp tác chiến lược mới,2025-04-04,CafeF
VIC,neutral,0.12,Văn bản có nội dung trung tính hoặc không rõ ràng về VIC,2025-04-13 22:17:57,Dữ liệu được tạo tự động do Gemini API không khả dụng,VIC: Thay đổi nhân sự cấp cao trong ban lãnh đạo,2025-04-01,CafeF
VIC,neutral,0.08,Văn bản có nội dung trung tính hoặc không rõ ràng về VIC,2025-04-13 22:17:58,Dữ liệu được tạo tự động do Gemini API không khả dụng,VIC: Triển khai dự án đầu tư mới tại thị trường nước ngoài,2025-03-29,CafeF
VIC,positive,0.71,Văn bản chứa nhiều từ khóa tích cực về VIC,2025-04-13 22:17:59,Dữ liệu được tạo tự động do Gemini API không khả dụng,VIC: Công bố kế hoạch phát hành cổ phiếu tăng vốn,2025-03-26,CafeF
VIC,neutral,-0.17,Văn bản có nội dung trung tính hoặc không rõ ràng về VIC,2025-04-13 22:18:00,Dữ liệu được tạo tự động do Gemini API không khả dụng,VIC: Tổ chức sự kiện ra mắt sản phẩm mới,2025-03-23,CafeF
VIC,neutral,-0.17,Văn bản có nội dung trung tính hoặc không rõ ràng về VIC,2025-04-13 22:18:02,Dữ liệu được tạo tự động do Gemini API không khả dụng,VIC: Nhận giải thưởng doanh nghiệp xuất sắc,2025-03-20,CafeF
VIC,positive,0.54,Văn bản chứa nhiều từ khóa tích cực về VIC,2025-04-13 22:18:03,Dữ liệu được tạo tự động do Gemini API không khả dụng,VIC: Thông báo kết quả kinh doanh vượt kế hoạch,2025-03-17,CafeF
VJC,positive,0.31,Văn bản chứa nhiều từ khóa tích cực về VJC,2025-04-13 22:18:04,Dữ liệu được tạo tự động do Gemini API không khả dụng,VJC: Công bố báo cáo tài chính quý với kết quả tích cực,2025-04-13,CafeF
VJC,neutral,-0.13,Văn bản có nội dung trung tính hoặc không rõ ràng về VJC,2025-04-13 22:18:05,Dữ liệu được tạo tự động do Gemini API không khả dụng,VJC: Thông báo chi trả cổ tức năm tài chính,2025-04-10,CafeF
VJC,neutral,0.12,Văn bản có nội dung trung tính hoặc không rõ ràng về VJC,2025-04-13 22:18:06,Dữ liệu được tạo tự động do Gemini API không khả dụng,VJC: Kế hoạch mở rộng thị trường trong năm tới,2025-04-07,CafeF
VJC,neutral,0.19,Văn bản có nội dung trung tính hoặc không rõ ràng về VJC,2025-04-13 22:18:07,Dữ liệu được tạo tự động do Gemini API không khả dụng,VJC: Ký kết hợp đồng hợp tác chiến lược mới,2025-04-04,CafeF
VJC,neutral,-0.12,Văn bản có nội dung trung tính hoặc không rõ ràng về VJC,2025-04-13 22:18:08,Dữ liệu được tạo tự động do Gemini API không khả dụng,VJC: Thay đổi nhân sự cấp cao trong ban lãnh đạo,2025-04-01,CafeF
VJC,neutral,-0.02,Văn bản có nội dung trung tính hoặc không rõ ràng về VJC,2025-04-13 22:18:09,Dữ liệu được tạo tự động do Gemini API không khả dụng,VJC: Triển khai dự án đầu tư mới tại thị trường nước ngoài,2025-03-29,CafeF
VJC,positive,0.57,Văn bản chứa nhiều từ khóa tích cực về VJC,2025-04-13 22:18:10,Dữ liệu được tạo tự động do Gemini API không khả dụng,VJC: Công bố kế hoạch phát hành cổ phiếu tăng vốn,2025-03-26,CafeF
VJC,neutral,0.05,Văn bản có nội dung trung tính hoặc không rõ ràng về VJC,2025-04-13 22:18:11,Dữ liệu được tạo tự động do Gemini API không khả dụng,VJC: Tổ chức sự kiện ra mắt sản phẩm mới,2025-03-23,CafeF
VJC,neutral,0.07,Văn bản có nội dung trung tính hoặc không rõ ràng về VJC,2025-04-13 22:18:12,Dữ liệu được tạo tự động do Gemini API không khả dụng,VJC: Nhận giải thưởng doanh nghiệp xuất sắc,2025-03-20,CafeF
VJC,positive,0.65,Văn bản chứa nhiều từ khóa tích cực về VJC,2025-04-13 22:18:13,Dữ liệu được tạo tự động do Gemini API không khả dụng,VJC: Thông báo kết quả kinh doanh vượt kế hoạch,2025-03-17,CafeF
VNM,positive,0.76,Văn bản chứa nhiều từ khóa tích cực về VNM,2025-04-13 22:18:14,Dữ liệu được tạo tự động do Gemini API không khả dụng,VNM: Công bố báo cáo tài chính quý với kết quả tích cực,2025-04-13,CafeF
VNM,neutral,-0.12,Văn bản có nội dung trung tính hoặc không rõ ràng về VNM,2025-04-13 22:18:15,Dữ liệu được tạo tự động do Gemini API không khả dụng,VNM: Thông báo chi trả cổ tức năm tài chính,2025-04-10,CafeF
VNM,neutral,-0.17,Văn bản có nội dung trung tính hoặc không rõ ràng về VNM,2025-04-13 22:18:16,Dữ liệu được tạo tự động do Gemini API không khả dụng,VNM: Kế hoạch mở rộng thị trường trong năm tới,2025-04-07,CafeF
VNM,neutral,-0.14,Văn bản có nội dung trung tính hoặc không rõ ràng về VNM,2025-04-13 22:18:17,Dữ liệu được tạo tự động do Gemini API không khả dụng,VNM: Ký kết hợp đồng hợp tác chiến lược mới,2025-04-04,CafeF
VNM,neutral,0.2,Văn bản có nội dung trung tính hoặc không rõ ràng về VNM,2025-04-13 22:18:18,Dữ liệu được tạo tự động do Gemini API không khả dụng,VNM: Thay đổi nhân sự cấp cao trong ban lãnh đạo,2025-04-01,CafeF
VNM,neutral,-0.18,Văn bản có nội dung trung tính hoặc không rõ ràng về VNM,2025-04-13 22:18:19,Dữ liệu được tạo tự động do Gemini API không khả dụng,VNM: Triển khai dự án đầu tư mới tại thị trường nước ngoài,2025-03-29,CafeF
VNM,positive,0.35,Văn bản chứa nhiều từ khóa tích cực về VNM,2025-04-13 22:18:20,Dữ liệu được tạo tự động do Gemini API không khả dụng,VNM: Công bố kế hoạch phát hành cổ phiếu tăng vốn,2025-03-26,CafeF
VNM,neutral,0.09,Văn bản có nội dung trung tính hoặc không rõ ràng về VNM,2025-04-13 22:18:21,Dữ liệu được tạo tự động do Gemini API không khả dụng,VNM: Tổ chức sự kiện ra mắt sản phẩm mới,2025-03-23,CafeF
VNM,neutral,0.0,Văn bản có nội dung trung tính hoặc không rõ ràng về VNM,2025-04-13 22:18:23,Dữ liệu được tạo tự động do Gemini API không khả dụng,VNM: Nhận giải thưởng doanh nghiệp xuất sắc,2025-03-20,CafeF
VNM,positive,0.34,Văn bản chứa nhiều từ khóa tích cực về VNM,2025-04-13 22:18:24,Dữ liệu được tạo tự động do Gemini API không khả dụng,VNM: Thông báo kết quả kinh doanh vượt kế hoạch,2025-03-17,CafeF
VPB,positive,0.81,Văn bản chứa nhiều từ khóa tích cực về VPB,2025-04-13 22:18:25,Dữ liệu được tạo tự động do Gemini API không khả dụng,VPB: Công bố báo cáo tài chính quý với kết quả tích cực,2025-04-13,CafeF
VPB,neutral,-0.03,Văn bản có nội dung trung tính hoặc không rõ ràng về VPB,2025-04-13 22:18:26,Dữ liệu được tạo tự động do Gemini API không khả dụng,VPB: Thông báo chi trả cổ tức năm tài chính,2025-04-10,CafeF
VPB,neutral,-0.06,Văn bản có nội dung trung tính hoặc không rõ ràng về VPB,2025-04-13 22:18:27,Dữ liệu được tạo tự động do Gemini API không khả dụng,VPB: Kế hoạch mở rộng thị trường trong năm tới,2025-04-07,CafeF
VPB,neutral,-0.06,Văn bản có nội dung trung tính hoặc không rõ ràng về VPB,2025-04-13 22:18:28,Dữ liệu được tạo tự động do Gemini API không khả dụng,VPB: Ký kết hợp đồng hợp tác chiến lược mới,2025-04-04,CafeF
VPB,neutral,0.09,Văn bản có nội dung trung tính hoặc không rõ ràng về VPB,2025-04-13 22:18:29,Dữ liệu được tạo tự động do Gemini API không khả dụng,VPB: Thay đổi nhân sự cấp cao trong ban lãnh đạo,2025-04-01,CafeF
VPB,neutral,0.11,Văn bản có nội dung trung tính hoặc không rõ ràng về VPB,2025-04-13 22:18:30,Dữ liệu được tạo tự động do Gemini API không khả dụng,VPB: Triển khai dự án đầu tư mới tại thị trường nước ngoài,2025-03-29,CafeF
VPB,positive,0.36,Văn bản chứa nhiều từ khóa tích cực về VPB,2025-04-13 22:18:31,Dữ liệu được tạo tự động do Gemini API không khả dụng,VPB: Công bố kế hoạch phát hành cổ phiếu tăng vốn,2025-03-26,CafeF
VPB,neutral,0.17,Văn bản có nội dung trung tính hoặc không rõ ràng về VPB,2025-04-13 22:18:32,Dữ liệu được tạo tự động do Gemini API không khả dụng,VPB: Tổ chức sự kiện ra mắt sản phẩm mới,2025-03-23,CafeF
VPB,neutral,-0.11,Văn bản có nội dung trung tính hoặc không rõ ràng về VPB,2025-04-13 22:18:33,Dữ liệu được tạo tự động do Gemini API không khả dụng,VPB: Nhận giải thưởng doanh nghiệp xuất sắc,2025-03-20,CafeF
VPB,positive,0.62,Văn bản chứa nhiều từ khóa tích cực về VPB,2025-04-13 22:18:34,Dữ liệu được tạo tự động do Gemini API không khả dụng,VPB: Thông báo kết quả kinh doanh vượt kế hoạch,2025-03-17,CafeF
